heart_rate,burned_calories,step,step_frequency,speed,m_speed,distance,m_activity,m_ambience,m_light,w_light,m_ble,m_screen_use,m_usage_stats,m_charging
0.0,0.0,0.0,0.0,0.0,0.0,0.0,3,0,0.36852577,0.0,0,0,0.0,1
0.0,0.0,0.0,0.0,0.0,0.0,0.0,3,0,0.37334883,0.0,0,0,0.0,1
0.0,0.0,0.0,0.0,0.0,0.0,0.0,3,0,0.37796673,0.0,0,0,0.0,1
0.0,0.0,0.0,0.0,0.0,0.0,0.0,3,0,0.38239622,0.0,0,0,0.0,1
0.0,0.0,0.0,0.0,0.0,0.0,0.0,3,0,0.38665202,0.0,0,0,0.0,1
0.0,0.0,0.0,0.0,0.0,0.0,0.0,3,0,0.3907473,0.0,0,0,0.0,1
0.0,0.0,0.0,0.0,0.0,0.0,0.0,3,0,0.3946937,0.0,0,0,0.0,1
0.0,0.0,0.0,0.0,0.0,0.0,0.0,3,0,0.3985017,0.0,0,0,0.0,1
0.0,0.0,0.0,0.0,0.0,0.0,0.0,3,0,0.40223405,0.0,0,0,0.0,1
0.0,0.0,0.0,0.0,0.0,0.0,0.0,3,0,0.4058424,0.0,0,0,0.0,1
0.0,0.0,0.0,0.0,0.0,0.0,0.0,3,0,0.40933463,0.0,0,0,0.0,1
0.0,0.0,0.0,0.0,0.0,0.1983255,0.0,3,0,0.41271803,0.0,0,0,0.0,1
0.0,0.0,0.0,0.0,0.0,0.15344556,0.0,3,0,0.4159992,0.0,0,1,0.0,0
0.0,0.0,0.0,0.0,0.0,0.0,0.0,3,0,0.4191841,0.0,0,0,0.0,0
0.0,0.0,0.0,0.0,0.0,0.36883363,0.0,3,0,0.42227823,0.0,0,0,0.0,0
0.0,0.0,0.0,0.0,0.0,0.0,0.0,3,0,0.4252866,0.0,0,1,0.0,0
0.0,0.0,0.0,0.0,0.0,0.0,0.0,3,0,0.42821386,0.0,0,1,0.0,0
0.0,0.0,0.0,0.0,0.0,0.0,0.0,3,0,0.43106428,0.0,0,1,0.0,0
0.0,0.0,0.0,0.0,0.0,0.0,0.0,3,0,0.43345505,0.0,0,1,0.0,0
0.0,0.0,0.0,0.0,0.0,0.0,0.0,3,0,0.4357943,0.0,0,1,0.0,0
0.0,0.0,0.0,0.0,0.0,0.21538806,0.0,3,0,0.4380842,0.0,1,1,0.87445265,0
0.0,0.0,0.0,0.0,0.0,0.12160272,0.0,3,0,0.4403268,0.0,1,1,0.87445265,0
0.0,0.0,0.0,0.0,0.0,0.07672278,0.0,3,0,0.44252402,0.0,1,1,0.87445265,0
0.0,0.0,0.0,0.0,0.0,0.12160272,0.0,3,0,0.44467765,0.0,1,1,0.87445265,0
0.0,0.0,0.0,0.0,0.0,0.15344556,0.0,3,0,0.44678938,0.0,1,1,0.87445265,0
0.0,0.0,0.0,0.0,0.0,0.48776904,0.0,3,0,0.44886085,0.0,1,1,0.87445265,0
0.0,0.0,0.0,0.0,0.0,0.5918583,0.0,3,0,0.45089352,0.0,1,1,0.87445265,0
0.0,0.0,0.0,0.0,0.0,0.2997475,0.0,3,0,0.45288885,0.0,1,1,0.87445265,0
0.0,0.0,0.0,0.0,0.0,0.4163181,0.0,3,0,0.45493588,0.0,1,1,0.87445265,0
0.0,0.0,0.0,0.0,0.0,0.0,0.0,3,0,0.456945,0.0,1,1,0.87445265,0
0.0,0.0,0.0,0.0,0.0,0.12160272,0.0,3,0,0.45891765,0.0,1,1,0.83263165,0
0.0,0.0,0.0,0.0,0.0,0.23016833,0.0,3,0,0.4608551,0.0,1,1,0.83263165,0
0.0,0.0,0.0,0.0,0.0,0.3136015,0.0,3,0,0.46275857,0.0,1,1,0.83263165,0
0.0,0.0,0.0,0.0,0.0,0.23016833,0.0,3,0,0.46462926,0.0,1,0,0.83263165,0
0.0,0.0,0.0,0.0,0.0,0.17814477,0.0,3,0,0.46646824,0.0,1,1,0.83263165,0
0.0,0.0,0.0,0.0,0.0,0.0,0.0,3,0,0.46827662,0.0,1,1,0.83263165,0
0.0,0.0,0.0,0.0,0.0,0.1983255,0.0,3,0,0.47005534,0.0,1,1,0.83263165,0
0.0,0.0,0.0,0.0,0.0,0.33159032,0.0,3,0,0.4718054,0.0,1,1,0.83263165,0
0.0,0.0,0.0,0.0,0.0,0.23016833,0.0,3,0,0.47305563,0.0,1,1,0.83263165,0
0.0,0.0,0.0,0.0,0.0,0.1983255,0.0,3,0,0.47429162,0.0,1,1,0.83263165,0
0.0,0.0,0.0,0.0,0.0,0.29211083,0.0,3,0,0.4755137,0.0,1,1,0.8853744,0
0.0,0.0,0.0,0.0,0.0,0.0,0.0,3,0,0.47672218,0.0,1,1,0.8853744,0
0.0,0.0,0.0,0.0,0.0,0.15344556,0.0,3,0,0.47791734,0.0,1,1,0.8853744,0
0.0,0.0,0.0,0.0,0.0,0.2750483,0.0,3,0,0.4790995,0.0,1,1,0.8853744,0
0.0,0.0,0.0,0.0,0.0,0.25486755,0.0,3,0,0.48026893,0.0,1,1,0.8853744,0
0.0,0.0,0.0,0.0,0.0,0.15344556,0.0,3,0,0.4814259,0.0,1,1,0.8853744,0
0.0,0.0,0.0,0.0,0.0,0.56313366,0.0,3,0,0.48257068,0.0,1,1,0.8853744,0
0.0,0.0,0.0,0.0,0.0,0.5344343,0.0,3,0,0.4837035,0.0,1,1,0.8853744,0
0.0,0.0,0.0,0.0,0.0,0.0,0.0,3,0,0.48484957,0.0,1,1,0.8853744,0
0.0,0.0,0.0,0.0,0.0,0.0,0.0,3,0,0.4859837,0.0,1,1,0.8853744,0
0.0,0.0,0.0,0.0,0.0,0.0,0.0,3,0,0.4871061,0.0,1,1,0.75054896,0
0.0,0.0,0.0,0.0,0.0,0.283908,0.0,3,0,0.48821703,0.0,1,0,0.75054896,0
0.0,0.0,0.0,0.0,0.0,0.0,0.0,3,0,0.48931667,0.0,1,0,0.75054896,0
0.0,0.0,0.0,0.0,0.0,0.29211083,0.0,3,0,0.49040532,0.0,1,0,0.75054896,0
0.0,0.0,0.0,0.0,0.0,0.0,0.0,3,0,0.49148312,0.0,1,0,0.75054896,0
0.0,0.0,0.0,0.0,0.0,0.0,0.0,3,0,0.49255037,0.0,1,0,0.75054896,0
0.0,0.0,0.0,0.0,0.0,0.0,0.0,3,0,0.49360722,0.0,1,0,0.75054896,0
0.0,0.0,0.0,0.0,0.0,0.0,0.0,3,0,0.49465388,0.0,1,0,0.75054896,0
0.0,0.0,0.0,0.0,0.0,0.0,0.0,3,0,0.49538887,0.0,1,0,0.75054896,0
0.0,0.0,0.0,0.0,0.0,0.0,0.0,3,0,0.49611893,0.0,1,0,0.75054896,0
0.0,0.0,0.0,0.0,0.0,0.0,0.0,3,0,0.49684414,0.0,0,0,0.5826033,0
0.0,0.0,0.0,0.0,0.0,0.0,0.0,3,0,0.4975645,0.0,0,0,0.5826033,0
0.0,0.0,0.0,0.0,0.0,0.23016833,0.0,3,0,0.49828014,0.0,0,0,0.5826033,0
0.0,0.0,0.0,0.0,0.0,0.3068911,0.0,3,0,0.49899107,0.0,0,0,0.5826033,0
0.0,0.0,0.0,0.0,0.0,0.0,0.0,3,0,0.4996974,0.0,0,1,0.5826033,0
0.0,0.0,0.0,0.0,0.0,0.0,0.0,3,0,0.5003992,0.0,0,1,0.5826033,0
0.0,0.0,0.0,0.0,0.0,0.0,0.0,3,0,0.5010964,0.0,0,1,0.5826033,0
0.0,0.0,0.0,0.0,0.0,0.0,0.0,3,0,0.5017892,0.0,0,1,0.5826033,0
0.0,0.0,0.0,0.0,0.0,0.36063078,0.0,3,0,0.5020665,0.0,0,1,0.5826033,0
0.0,0.0,0.0,0.0,0.0,0.37647027,0.0,3,0,0.5023431,0.0,0,0,0.5826033,0
0.0,0.0,0.0,0.0,0.0,0.39032426,0.0,3,0,0.502619,0.0,0,0,0.8813077,0
0.0,0.0,0.0,0.0,0.0,0.46704707,0.0,3,0,0.5028942,0.0,0,0,0.8813077,0
0.0,0.0,0.0,0.0,0.0,0.12160272,0.0,7,0,0.5031687,0.0,0,0,0.8813077,0
0.0,0.0,0.0,0.0,0.0,0.15344556,0.0,7,0,0.5034425,0.0,0,0,0.8813077,0
0.0,0.0,0.0,0.0,0.0,0.17814477,0.0,3,0,0.50371563,0.0,0,0,0.8813077,0
0.0,0.0,0.0,0.0,0.0,0.44356197,0.0,3,0,0.5039881,0.0,0,0,0.8813077,0
0.0,0.0,0.0,0.0,0.0,0.37647027,0.0,7,0,0.5042598,0.0,0,0,0.8813077,0
0.0,0.0,0.0,0.0,0.0,0.39353284,0.0,7,0,0.5045309,0.0,0,0,0.8813077,0
0.0,0.0,0.0,0.0,0.0,0.36480817,0.0,7,0,0.5056085,0.0,0,1,0.8813077,0
0.0,0.0,0.0,0.0,0.0,0.0,0.0,3,0,0.5066755,0.0,0,1,0.8813077,0
0.0,0.0,0.0,0.0,0.0,0.0,0.0,3,0,0.5077321,0.0,0,1,0.013323855,0
0.0,0.0,0.0,0.0,0.0,0.17814477,0.0,3,0,0.5087785,0.0,0,1,0.013323855,0
0.0,0.0,0.0,0.0,0.0,0.0,0.0,3,0,0.5098149,0.0,0,1,0.013323855,0
0.0,0.0,0.0,0.0,0.0,0.12160272,0.0,3,0,0.51084155,0.0,0,1,0.013323855,0
0.0,0.0,0.0,0.0,0.0,0.38361388,0.0,3,0,0.5118586,0.0,0,0,0.013323855,0
0.0,0.0,0.0,0.0,0.0,0.23016833,0.0,3,0,0.5128662,0.0,0,0,0.013323855,0
0.0,0.0,0.0,0.0,0.0,0.0,0.0,3,0,0.5138645,0.0,0,0,0.013323855,0
0.0,0.0,0.0,0.0,0.0,0.0,0.0,3,0,0.5148537,0.0,0,0,0.013323855,0
0.0,0.0,0.0,0.0,0.0,0.0,0.0,3,0,0.515301,0.0,0,0,0.013323855,0
0.0,0.0,0.0,0.0,0.0,0.2654172,0.0,3,0,0.51574636,0.0,0,0,0.013323855,0
0.0,0.0,0.0,0.0,0.0,0.17814477,0.0,3,0,0.51619,0.0,0,0,0.84950125,0
0.0,0.0,0.0,0.0,0.0,0.33159032,0.0,3,0,0.5166318,0.0,0,0,0.84950125,0
0.0,0.0,0.0,0.0,0.0,0.4352042,0.0,3,0,0.5170718,0.0,0,0,0.84950125,0
0.0,0.0,0.0,0.0,0.0,0.44751552,0.0,3,0,0.51751,0.0,0,0,0.84950125,0
0.0,0.0,0.0,0.0,0.0,0.4330123,0.0,3,0,0.5179465,0.0,0,0,0.84950125,0
0.0,0.0,0.0,0.0,0.0,0.44944057,0.0,7,0,0.5183812,0.0,0,0,0.84950125,0
0.0,0.0,0.0,0.0,0.0,0.35628954,0.0,7,0,0.5188142,0.0,0,0,0.84950125,0
0.0,0.0,0.0,0.0,0.0,0.45859352,0.0,7,0,0.51924545,0.0,0,0,0.84950125,0
0.0,0.0,0.0,0.0,0.0,0.33159032,0.0,7,0,0.5187716,0.0,0,0,0.84950125,0
0.0,0.0,0.0,0.0,0.0,0.29211083,0.0,7,0,0.5182956,0.0,0,0,0.84950125,0
0.0,0.0,0.0,0.0,0.0,0.7186102,0.0,7,0,0.51781756,0.0,0,0,0.0,0
0.0,0.0,0.0,0.0,0.0,0.42616346,0.0,7,0,0.5173374,0.0,0,0,0.0,0
0.0,0.0,0.0,0.0,0.0,0.25486755,0.0,3,0,0.5168551,0.0,0,1,0.0,0
0.0,0.0,0.0,0.0,0.0,0.34214,0.0,3,0,0.51637065,0.0,0,0,0.0,0
0.0,0.0,0.0,0.0,0.0,0.47935835,0.0,7,0,0.51588404,0.0,0,0,0.0,0
0.0,0.0,0.0,0.0,0.0,0.07672278,0.0,7,0,0.5153952,0.0,0,0,0.0,0
0.0,0.0,0.0,0.0,0.0,0.1983255,0.0,3,0,0.5149042,0.0,0,0,0.0,0
0.0,0.0,0.0,0.0,0.0,0.15344556,0.0,3,0,0.5144109,0.0,0,0,0.0,0
0.0,0.0,0.0,0.0,0.0,0.1983255,0.0,3,0,0.5141889,0.0,0,0,0.0,0
0.0,0.0,0.0,0.0,0.0,0.29211083,0.0,3,0,0.5139664,0.0,0,0,0.0,0
0.0,0.0,0.0,0.0,0.0,0.12160272,0.0,3,0,0.5137434,0.0,0,0,0.567737,0
0.0,0.0,0.0,0.0,0.0,0.17814477,0.0,3,0,0.51351994,0.0,0,0,0.567737,0
0.0,0.0,0.0,0.0,0.0,0.2750483,0.0,3,0,0.51329607,0.0,0,0,0.567737,0
0.0,0.0,0.0,0.0,0.0,0.3259128,0.0,3,0,0.5130717,0.0,0,0,0.567737,0
0.0,0.0,0.0,0.0,0.0,0.15344556,0.0,3,0,0.5128469,0.0,0,0,0.567737,0
0.0,0.0,0.0,0.0,0.0,0.0,0.0,1,0,0.5126216,0.0,0,0,0.567737,0
0.0,0.0,0.0,0.0,0.0,0.0,0.0,1,0,0.51239586,0.0,0,0,0.567737,0
0.0,0.0,0.0,0.0,0.0,0.0,0.0,1,0,0.5121696,0.0,0,0,0.567737,0
0.0,0.0,0.0,0.0,0.0,0.15344556,0.0,3,0,0.50502956,0.0,0,0,0.567737,0
0.0,0.0,0.0,0.0,0.0,0.21538806,0.0,3,0,0.49738672,0.0,0,0,0.567737,0
0.0,0.0,0.0,0.0,0.0,0.17814477,0.0,3,0,0.48916483,0.0,0,0,0.0,0
0.0,0.0,0.0,0.0,0.0,0.0,0.0,3,0,0.48026893,0.0,0,0,0.0,0
0.0,0.0,0.0,0.0,0.0,0.12160272,0.0,3,0,0.47057858,0.0,0,0,0.0,0
0.0,0.0,0.0,0.0,0.0,0.21538806,0.0,3,0,0.4599378,0.0,0,0,0.0,0
0.0,0.0,0.0,0.0,0.0,0.0,0.0,3,0,0.44813976,0.0,0,0,0.0,0
0.0,0.0,0.0,0.0,0.0,0.12160272,0.0,3,0,0.43490154,0.0,0,0,0.0,0
0.0,0.0,0.0,0.0,0.0,0.12160272,0.0,3,0,0.41982213,0.0,0,0,0.0,0
0.0,0.0,0.0,0.0,0.0,0.21538806,0.0,3,0,0.40230528,0.0,0,0,0.0,0
0.0,0.0,0.0,0.0,0.0,0.3259128,0.0,3,0,0.42279527,0.0,0,0,0.0,0
0.0,0.0,0.0,0.0,0.0,0.17814477,0.0,3,0,0.44002542,0.0,0,0,0.0,0
0.0,0.0,0.0,0.0,0.0,0.4213502,0.0,3,0,0.454892,0.0,0,0,0.0,0
0.0,0.0,0.0,0.0,0.0,0.283908,0.0,3,0,0.46796596,0.0,0,0,0.0,0
0.0,0.0,0.0,0.0,0.0,0.21538806,0.0,3,0,0.47963342,0.0,0,0,0.0,0
0.0,0.0,0.0,0.0,0.0,0.17814477,0.0,3,0,0.49016786,0.0,0,0,0.0,0
0.0,0.0,0.0,0.0,0.0,0.21538806,0.0,3,0,0.49976996,0.0,0,0,0.0,0
0.0,0.0,0.0,0.0,0.0,0.0,0.0,3,0,0.5085914,0.0,0,0,0.0,0
0.0,0.0,0.0,0.0,0.0,0.15344556,0.0,3,0,0.5167497,0.0,0,0,0.0,0
0.0,0.0,0.0,0.0,0.0,0.1983255,0.0,3,0,0.5243376,0.0,0,0,0.0,0
0.0,0.0,0.0,0.0,0.0,0.23016833,0.0,3,0,0.5228759,0.0,0,0,0.0,0
0.0,0.0,0.0,0.0,0.0,0.2997475,0.0,3,0,0.52139425,0.0,0,0,0.0,0
0.0,0.0,0.0,0.0,0.0,0.4637427,0.0,3,0,0.51989216,0.0,0,0,0.0,0
0.0,0.0,0.0,0.0,0.0,0.07672278,0.0,3,0,0.51836896,0.0,0,0,0.0,0
0.0,0.0,0.0,0.0,0.0,0.15344556,0.0,3,0,0.5168241,0.0,0,0,0.0,0
0.0,0.0,0.0,0.0,0.0,0.07672278,0.0,3,0,0.51525694,0.0,0,0,0.0,0
0.0,0.0,0.0,0.0,0.0,0.1983255,0.0,3,0,0.5136668,0.0,0,0,0.0,0
0.0,0.0,0.0,0.0,0.0,0.2654172,0.0,3,0,0.5120531,0.0,0,0,0.0,0
0.0,0.0,0.0,0.0,0.0,0.36480817,0.0,3,0,0.510415,0.0,0,0,0.0,0
0.0,0.0,0.0,0.0,0.0,0.23016833,0.0,3,0,0.5087518,0.0,0,0,0.0,0
0.0,0.0,0.0,0.0,0.0,0.23016833,0.0,3,0,0.50252,0.0,0,0,0.0,0
0.0,0.0,0.0,0.0,0.0,0.0,0.0,3,0,0.4959087,0.0,0,0,0.0,0
0.0,0.0,0.0,0.0,0.0,0.17814477,0.0,3,0,0.48886853,0.0,0,0,0.0,0
0.0,0.0,0.0,0.0,0.0,0.0,0.0,3,0,0.48134,0.0,0,0,0.0,0
0.0,0.0,0.0,0.0,0.0,0.23016833,0.0,3,0,0.47325027,0.0,0,0,0.0,0
0.0,0.0,0.0,0.0,0.0,0.12160272,0.0,3,0,0.4645089,0.0,0,0,0.0,0
0.0,0.0,0.0,0.0,0.0,0.29211083,0.0,3,0,0.45500162,0.0,0,0,0.0,0
0.0,0.0,0.0,0.0,0.0,0.12160272,0.0,3,0,0.44458124,0.0,0,0,0.0,0
0.0,0.0,0.0,0.0,0.0,0.17814477,0.0,3,0,0.43305352,0.0,0,0,0.0,0
0.0,0.0,0.0,0.0,0.0,0.23016833,0.0,3,0,0.42015484,0.0,0,0,0.0,0
0.0,0.0,0.0,0.0,0.0,0.23016833,0.0,3,0,0.42599007,0.0,0,0,0.0,0
0.0,0.0,0.0,0.0,0.0,0.1983255,0.0,3,0,0.43152764,0.0,0,0,0.0,0
0.0,0.0,0.0,0.0,0.0,0.33159032,0.0,3,0,0.4367964,0.0,0,0,0.0,0
0.0,0.0,0.0,0.0,0.0,0.17814477,0.0,3,0,0.44182128,0.0,0,0,0.0,0
0.0,0.0,0.0,0.0,0.0,0.33159032,0.0,3,0,0.44662386,0.0,0,0,0.0,0
0.0,0.0,0.0,0.0,0.0,0.21538806,0.0,3,0,0.45122296,0.0,0,0,0.0,0
0.0,0.0,0.0,0.0,0.0,0.29211083,0.0,3,0,0.45563513,0.0,0,0,0.0,0
0.0,0.0,0.0,0.0,0.0,0.21538806,0.0,3,0,0.459875,0.0,0,0,0.0,0
0.0,0.0,0.0,0.0,0.0,0.12160272,0.0,1,0,0.4639555,0.0,0,0,0.0,0
0.0,0.0,0.0,0.0,0.0,0.2654172,0.0,1,0,0.46788815,0.0,0,0,0.0,0
0.0,0.0,0.0,0.0,0.0,0.07672278,0.0,8,0,0.49587113,0.0,0,0,0.0,0
0.0,0.0,0.0,0.0,0.0,0.12160272,0.0,3,0,0.5180997,0.0,0,0,0.0,0
0.0,0.0,0.0,0.0,0.0,0.17814477,0.0,3,0,0.5365417,0.0,0,0,0.0,0
0.0,0.0,0.0,0.0,0.0,0.33699077,0.0,3,0,0.5523012,0.0,0,0,0.0,0
0.0,0.0,0.0,0.0,0.0,0.283908,0.0,3,0,0.56606054,0.0,0,0,0.0,0
0.0,0.0,0.0,0.0,0.0,0.6346096,0.0,3,0,0.5782706,0.0,0,0,0.0,0
0.0,0.0,0.0,0.0,0.0,0.6706696,0.0,0,0,0.5892453,0.0,0,0,0.0,0
0.0,0.0,0.0,0.0,0.0,0.44944057,0.0,7,0,0.5992118,0.0,0,0,0.0,0
0.0,0.0,0.0,0.0,0.0,0.7297681,0.0,7,0,0.60833985,0.0,0,0,0.0,0
0.0,0.0,0.0,0.0,0.0,0.78542715,0.0,0,0,0.6167596,0.0,0,0,0.0,0
0.0,0.0,0.0,0.0,0.0,0.8489178,0.0,0,0,0.6142492,0.0,0,0,0.0,0
0.0,0.0,0.0,0.0,0.0,0.70544726,0.0,0,0,0.61167943,0.0,0,0,0.0,0
0.0,0.0,0.0,0.0,0.0,0.0,0.0,0,0,0.6090473,0.0,0,0,0.0,0
0.0,0.0,0.0,0.0,0.0,0.12160272,0.0,0,0,0.6063498,0.0,0,0,0.0,0
0.0,0.0,0.0,0.0,0.0,0.657794,0.0,0,0,0.6035836,0.0,0,0,0.0,0
0.0,0.0,0.0,0.0,0.0,0.7831105,0.0,0,0,0.600745,0.0,0,0,0.0,0
0.0,0.0,0.0,0.0,0.0,0.7844138,0.0,0,0,0.59783024,0.0,0,0,0.0,0
0.0,0.0,0.0,0.0,0.0,0.7675516,0.0,0,0,0.59483504,0.0,0,0,0.0,0
0.0,0.0,0.0,0.0,0.0,0.7499488,0.0,0,0,0.59175485,0.0,0,0,0.0,0
0.0,0.0,0.0,0.0,0.0,0.73780835,0.0,0,0,0.5885848,0.0,0,0,0.0,0
0.0,0.0,0.0,0.0,0.0,0.396651,0.0,0,0,0.59451425,0.0,0,0,0.0,0
0.0,0.0,0.0,0.0,0.0,0.396651,0.0,0,0,0.60013664,0.0,0,0,0.0,0
0.0,0.0,0.0,0.0,0.0,0.29211083,0.0,7,0,0.6054821,0.0,0,0,0.0,0
0.0,0.0,0.0,0.0,0.0,0.35628954,0.0,7,0,0.61057675,0.0,0,0,0.0,0
0.0,0.0,0.0,0.0,0.0,0.25486755,0.0,7,0,0.61544293,0.0,0,0,0.0,0
0.0,0.0,0.0,0.0,0.0,0.31992823,0.0,7,0,0.62010044,0.0,0,0,0.0,0
0.0,0.0,0.0,0.0,0.0,0.23016833,0.0,7,0,0.62456626,0.0,0,0,0.0,0
0.0,0.0,0.0,0.0,0.0,0.21538806,0.0,7,0,0.62885565,0.0,0,0,0.0,0
0.0,0.0,0.0,0.0,0.0,0.29211083,0.0,7,0,0.632982,0.0,0,0,0.0,0
0.0,0.0,0.0,0.0,0.0,0.17814477,0.0,7,0,0.6369573,0.0,0,0,0.0,0
0.0,0.0,0.0,0.0,0.0,0.31992823,0.0,7,0,0.63292456,0.0,0,0,0.0,0
0.0,0.0,0.0,0.0,0.0,0.12160272,0.0,7,0,0.6287363,0.0,0,0,0.0,0
0.0,0.0,0.0,0.0,0.0,0.07672278,0.0,3,0,0.62438,0.0,0,0,0.0,0
0.0,0.0,0.0,0.0,0.0,0.24320544,0.0,3,0,0.6198415,0.0,0,0,0.0,0
0.0,0.0,0.0,0.0,0.0,0.2750483,0.0,3,0,0.61510503,0.0,0,0,0.0,0
0.0,0.0,0.0,0.0,0.0,0.21538806,0.0,3,0,0.6101524,0.0,0,0,0.0,0
0.0,0.0,0.0,0.0,0.0,0.34214,0.0,3,0,0.6049631,0.0,0,0,0.0,0
0.0,0.0,0.0,0.0,0.0,0.33159032,0.0,3,0,0.59951323,0.0,0,0,0.0,0
0.0,0.0,0.0,0.0,0.0,0.23016833,0.0,3,0,0.5937753,0.0,0,0,0.0,0
0.0,0.0,0.0,0.0,0.0,0.21538806,0.0,3,0,0.58771706,0.0,0,0,0.0,0
0.0,0.0,0.0,0.0,0.0,0.15344556,0.0,3,0,0.5897025,0.0,0,0,0.0,0
0.0,0.0,0.0,0.0,0.0,0.2997475,0.0,3,0,0.5916522,0.0,0,0,0.0,0
0.0,0.0,0.0,0.0,0.0,0.23016833,0.0,3,0,0.5935676,0.0,0,0,0.0,0
0.0,0.0,0.0,0.0,0.0,0.21538806,0.0,3,0,0.59544975,0.0,0,0,0.0,0
0.0,0.0,0.0,0.0,0.0,0.24320544,0.0,3,0,0.5972998,0.0,0,0,0.0,0
0.0,0.0,0.0,0.0,0.0,0.15344556,0.0,3,0,0.5991189,0.0,0,0,0.0,0
0.0,0.0,0.0,0.0,0.0,0.1983255,0.0,3,0,0.600908,0.0,0,0,0.0,0
0.0,0.0,0.0,0.0,0.0,0.25486755,0.0,3,0,0.6026681,0.0,0,0,0.0,0
0.0,0.0,0.0,0.0,0.0,0.33159032,0.0,3,0,0.6044001,0.0,0,0,0.0,0
0.0,0.0,0.0,0.0,0.0,0.1983255,0.0,3,0,0.6061049,0.0,0,0,0.0,0
0.0,0.0,0.0,0.0,0.0,0.40551072,0.0,3,0,0.611249,0.0,0,0,0.0,0
0.0,0.0,0.0,0.0,0.0,0.41104627,0.0,3,0,0.6161604,0.0,0,0,0.0,0
0.0,0.0,0.0,0.0,0.0,0.37647027,0.0,3,0,0.6208592,0.0,0,0,0.0,0
0.0,0.0,0.0,0.0,0.0,0.3727178,0.0,3,0,0.625363,0.0,0,0,0.0,0
0.0,0.0,0.0,0.0,0.0,0.4083131,0.0,3,0,0.6296874,0.0,0,0,0.0,0
0.0,0.0,0.0,0.0,0.0,0.34214,0.0,3,0,0.63384616,0.0,0,0,0.0,0
0.0,0.0,0.0,0.0,0.0,0.39353284,0.0,3,0,0.63785154,0.0,0,0,0.0,0
0.0,0.0,0.0,0.0,0.0,0.35628954,0.0,3,0,0.64171433,0.0,0,0,0.0,0
0.0,0.0,0.0,0.0,0.0,0.24320544,0.0,3,0,0.6454444,0.0,0,0,0.0,0
0.0,0.0,0.0,0.0,0.0,0.3068911,0.0,3,0,0.6490506,0.0,0,0,0.0,0
0.0,0.0,0.0,0.0,0.0,0.36480817,0.0,3,0,0.64367026,0.0,0,0,0.0,0
0.0,0.0,0.0,0.0,0.0,0.21538806,0.0,3,0,0.6380094,0.0,0,0,0.0,0
0.0,0.0,0.0,0.0,0.0,0.07672278,0.0,3,0,0.63203704,0.0,0,0,0.5397012,0
0.0,0.0,0.0,0.0,0.0,0.36063078,0.0,3,0,0.625717,0.0,0,0,0.5397012,0
0.0,0.0,0.0,0.0,0.0,0.2654172,0.0,3,0,0.61900616,0.0,0,0,0.5397012,0
0.0,0.0,0.0,0.0,0.0,0.38361388,0.0,3,0,0.611853,0.0,0,0,0.5397012,0
0.0,0.0,0.0,0.0,0.0,0.39353284,0.0,3,0,0.6041952,0.0,0,0,0.5397012,0
0.0,0.0,0.0,0.0,0.0,0.396651,0.0,3,0,0.5959559,0.0,0,0,0.5397012,0
0.0,0.0,0.0,0.0,0.0,0.43077612,0.0,3,0,0.5870397,0.0,0,0,0.5397012,0
0.0,0.0,0.0,0.0,0.0,0.35628954,0.0,3,0,0.5773252,0.0,0,0,0.5397012,0
0.0,0.0,0.0,0.0,0.0,0.36883363,0.0,3,0,0.5818699,0.0,0,0,0.5397012,0
0.0,0.0,0.0,0.0,0.0,0.63022536,0.0,3,0,0.586232,0.0,0,0,0.5397012,0
0.0,0.0,0.0,0.0,0.0,0.6346096,0.0,3,0,0.59042555,0.0,0,0,0.0,0
0.0,0.0,0.0,0.0,0.0,0.52898955,0.0,3,0,0.59446317,0.0,0,0,0.0,0
0.0,0.0,0.0,0.0,0.0,0.21538806,0.0,3,0,0.59835595,0.0,0,0,0.0,0
0.0,0.0,0.0,0.0,0.0,0.36883363,0.0,7,0,0.602114,0.0,0,0,0.0,0
0.0,0.0,0.0,0.0,0.0,0.3259128,0.0,7,0,0.6057463,0.0,0,0,0.0,0
0.0,0.0,0.0,0.0,0.0,0.36883363,0.0,7,0,0.6092611,0.0,0,0,0.0,0
0.0,0.0,0.0,0.0,0.0,0.3068911,0.0,7,0,0.6126656,0.0,0,0,0.0,0
0.0,0.0,0.0,0.0,0.0,0.31992823,0.0,7,0,0.61596656,0.0,0,0,0.0,0
0.0,0.0,0.0,0.0,0.0,0.2997475,0.0,7,0,0.6134321,0.0,0,0,0.0,0
0.0,0.0,0.0,0.0,0.0,0.33159032,0.0,7,0,0.61083704,0.0,0,0,0.0,0
0.0,0.0,0.0,0.0,0.0,0.34706023,0.0,7,0,0.6081785,0.0,0,0,0.0,0
0.0,0.0,0.0,0.0,0.0,0.36063078,0.0,7,0,0.60545313,0.0,0,0,0.0,0
0.0,0.0,0.0,0.0,0.0,0.34706023,0.0,7,0,0.6026576,0.0,0,0,0.0,0
0.0,0.0,0.0,0.0,0.0,0.41886276,0.0,7,0,0.59978825,0.0,0,0,0.0,0
0.0,0.0,0.0,0.0,0.0,0.423783,0.0,7,0,0.596841,0.0,0,0,0.0,0
0.0,0.0,0.0,0.0,0.0,0.5040576,0.0,3,0,0.59381145,0.0,0,0,0.0,0
0.0,0.0,0.0,0.0,0.0,0.31992823,0.0,3,0,0.59069496,0.0,0,0,0.0,0
0.0,0.0,0.0,0.0,0.0,0.38701993,0.0,3,0,0.5874864,0.0,0,0,0.0,0
0.0,0.0,0.0,0.0,0.0,0.41104627,0.0,7,0,0.58335906,0.0,0,0,0.0,0
0.0,0.0,0.0,0.0,0.0,0.38009968,0.0,7,0,0.5790687,0.0,0,0,0.0,0
0.0,0.0,0.0,0.0,0.0,0.1983255,0.0,3,0,0.57460177,0.0,1,1,0.0,0
0.0,0.0,0.0,0.0,0.0,0.0,0.0,3,0,0.56994313,0.0,1,0,0.0,0
0.0,0.0,0.0,0.0,0.0,0.0,0.0,3,0,0.56507564,0.0,1,0,0.0,0
0.0,0.0,0.0,0.0,0.0,0.4654072,0.0,3,0,0.55997956,0.0,1,1,0.0,0
0.0,0.0,0.0,0.0,0.0,0.2750483,0.0,7,0,0.55463254,0.0,1,0,0.0,0
0.0,0.0,0.0,0.0,0.0,0.17814477,0.0,7,0,0.5490085,0.0,1,0,0.0,0
0.0,0.0,0.0,0.0,0.0,0.0,0.0,3,0,0.54307705,0.0,1,0,0.0,0
0.0,0.0,0.0,0.0,0.0,0.0,0.0,3,0,0.5368028,0.0,1,0,0.0,0
0.0,0.0,0.0,0.0,0.0,0.0,0.0,3,0,0.5373865,0.0,1,0,0.0,0
0.0,0.0,0.0,0.0,0.0,0.0,0.0,3,0,0.537967,0.0,1,0,0.0,0
0.0,0.0,0.0,0.0,0.0,0.0,0.0,3,0,0.53854454,0.0,0,0,0.8369871,0
0.0,0.0,0.0,0.0,0.0,0.0,0.0,3,0,0.53911895,0.0,0,0,0.8369871,0
0.0,0.0,0.0,0.0,0.0,0.0,0.0,3,0,0.5396904,0.0,0,0,0.8369871,0
0.0,0.0,0.0,0.0,0.0,0.12160272,0.0,3,0,0.54025877,0.0,0,0,0.8369871,0
0.0,0.0,0.0,0.0,0.0,0.0,0.0,3,0,0.54082423,0.0,0,0,0.8369871,0
0.0,0.0,0.0,0.0,0.0,0.21538806,0.0,3,0,0.5413867,0.0,0,0,0.8369871,0
0.0,0.0,0.0,0.0,0.0,0.1983255,0.0,3,0,0.54194635,0.0,0,0,0.8369871,0
0.0,0.0,0.0,0.0,0.0,0.0,0.0,3,0,0.5425031,0.0,0,0,0.8369871,0
0.0,0.0,0.0,0.0,0.0,0.0,0.0,3,0,0.54203343,0.0,0,0,0.8369871,0
0.0,0.0,0.0,0.0,0.0,0.0,0.0,3,0,0.5415618,0.0,0,0,0.8369871,0
0.0,0.0,0.0,0.0,0.0,0.0,0.0,3,0,0.54108804,0.0,0,0,0.0,0
0.0,0.0,0.0,0.0,0.0,0.423783,0.0,3,0,0.5406123,0.0,0,0,0.0,0
0.0,0.0,0.0,0.0,0.0,0.0,0.0,7,0,0.5401344,0.0,0,0,0.0,0
0.0,0.0,0.0,0.0,0.0,0.21538806,0.0,3,0,0.5396543,0.0,0,0,0.0,0
0.0,0.0,0.0,0.0,0.0,0.5353163,0.0,3,0,0.5391722,0.0,0,0,0.0,0
0.0,0.0,0.0,0.0,0.0,0.6779263,0.0,3,0,0.5386879,0.0,0,0,0.0,0
0.0,0.0,0.0,0.0,0.0,0.567816,0.0,0,0,0.53820145,0.0,0,0,0.0,0
0.0,0.0,0.0,0.0,0.0,0.23016833,0.0,1,0,0.53771275,0.0,0,0,0.0,0
0.0,0.0,0.0,0.0,0.0,0.283908,0.0,1,0,0.543537,0.0,0,0,0.0,0
0.0,0.0,0.0,0.0,0.0,0.21538806,0.0,7,0,0.54906464,0.0,0,0,0.0,0
0.0,0.0,0.0,0.0,0.0,0.283908,0.0,7,0,0.55432445,0.0,0,0,0.0,0
0.0,0.0,0.0,0.0,0.0,0.3259128,0.0,7,0,0.5593412,0.0,0,0,0.0,0
0.0,0.0,0.0,0.0,0.0,0.2750483,0.0,7,0,0.5641363,0.0,0,0,0.0,0
0.0,0.0,0.0,0.0,0.0,0.0,0.0,7,0,0.56872857,0.0,0,0,0.0,0
0.0,0.0,0.0,0.0,0.0,0.0,0.0,3,0,0.5731345,0.0,0,0,0.0,0
0.0,0.0,0.0,0.0,0.0,0.12160272,0.0,3,0,0.5773685,0.0,0,0,0.0,0
0.0,0.0,0.0,0.0,0.0,0.283908,0.0,3,0,0.5814436,0.0,0,0,0.0,0
0.0,0.0,0.0,0.0,0.0,0.17814477,0.0,3,0,0.5853713,0.0,0,0,0.0,0
0.0,0.0,0.0,0.0,0.0,0.15344556,0.0,3,0,0.5841932,0.0,0,0,0.0,0
0.0,0.0,0.0,0.0,0.0,0.12160272,0.0,3,0,0.58300227,0.0,0,1,0.0,0
0.0,0.0,0.0,0.0,0.0,0.33699077,0.0,3,0,0.581798,0.0,0,0,0.7894699,0
0.0,0.0,0.0,0.0,0.0,0.23016833,0.0,3,0,0.58058035,0.0,0,0,0.7894699,0
0.0,0.0,0.0,0.0,0.0,0.0,0.0,0,0,0.5793488,0.0,0,0,0.7894699,0
0.0,0.0,0.0,0.0,0.0,0.39032426,0.0,0,0,0.5781032,0.0,0,0,0.7894699,0
0.0,0.0,0.0,0.0,0.0,0.283908,0.0,0,0,0.5768431,0.0,0,0,0.7894699,0
0.0,0.0,0.0,0.0,0.0,0.0,0.0,0,0,0.57556814,0.0,0,0,0.7894699,0
0.0,0.0,0.0,0.0,0.0,0.283908,0.0,0,0,0.5742781,0.0,0,0,0.7894699,0
0.0,0.0,0.0,0.0,0.0,0.2654172,0.0,0,0,0.57297254,0.0,0,0,0.7894699,0
0.0,0.0,0.0,0.0,0.0,0.3259128,0.0,0,0,0.5753055,0.0,0,0,0.7894699,0
0.0,0.0,0.0,0.0,0.0,0.38701993,0.0,0,0,0.57758945,0.0,0,0,0.7894699,0
0.0,0.0,0.0,0.0,0.0,0.58534545,0.0,0,0,0.5798263,0.0,0,0,0.0,0
0.0,0.0,0.0,0.0,0.0,0.6793701,0.0,0,0,0.58201796,0.0,0,0,0.0,0
0.0,0.0,0.0,0.0,0.0,0.48223352,0.0,0,0,0.5841663,0.0,0,0,0.0,0
0.0,0.0,0.0,0.0,0.0,0.12160272,0.0,0,0,0.58627295,0.0,0,0,0.0,0
0.0,0.0,0.0,0.0,0.0,0.0,0.0,0,0,0.5883395,0.0,0,0,0.0,0
0.0,0.0,0.0,0.0,0.0,0.0,0.0,0,0,0.59036744,0.0,0,0,0.0,0
0.0,0.0,0.0,0.0,0.0,0.0,0.0,0,0,0.5923582,0.0,0,0,0.0,0
0.0,0.0,0.0,0.0,0.0,0.0,0.0,0,0,0.5943131,0.0,0,0,0.0,0
0.0,0.0,0.0,0.0,0.0,0.0,0.0,0,0,0.5901456,0.0,0,0,0.0,0
0.0,0.0,0.0,0.0,0.0,0.0,0.0,0,0,0.5858117,0.0,0,0,0.0,0
0.0,0.0,0.0,0.0,0.0,0.0,0.0,0,0,0.5812976,0.0,0,0,0.0,0
0.0,0.0,0.0,0.0,0.0,0.283908,0.0,0,0,0.5765876,0.0,0,0,0.0,0
0.0,0.0,0.0,0.0,0.0,0.23016833,0.0,0,0,0.57166404,0.0,0,0,0.0,0
0.0,0.0,0.0,0.0,0.0,0.0,0.0,0,0,0.5665065,0.0,0,0,0.0,0
0.0,0.0,0.0,0.0,0.0,0.0,0.0,0,0,0.5610917,0.0,0,0,0.0,0
0.0,0.0,0.0,0.0,0.0,0.0,0.0,0,0,0.5553927,0.0,0,0,0.0,0
0.0,0.0,0.0,0.0,0.0,0.35628954,0.0,0,0,0.5493778,0.0,0,0,0.0,0
0.0,0.0,0.0,0.0,0.0,0.07672278,0.0,0,0,0.54301006,0.0,0,0,0.0,0
0.0,0.0,0.0,0.0,0.0,0.0,0.0,0,0,0.547932,0.0,0,0,0.0,0
0.0,0.0,0.0,0.0,0.0,0.0,0.0,0,0,0.5526405,0.0,0,0,0.0,0
0.0,0.0,0.0,0.0,0.0,0.0,0.0,0,0,0.5571533,0.0,0,0,0.0,0
0.0,0.0,0.0,0.0,0.0,0.0,0.0,0,0,0.5614859,0.0,0,0,0.0,0
0.0,0.0,0.0,0.0,0.0,0.0,0.0,0,0,0.56565225,0.0,0,0,0.0,0
0.0,0.0,0.0,0.0,0.0,0.0,0.0,0,0,0.56966466,0.0,0,0,0.0,0
0.0,0.0,0.0,0.0,0.0,0.0,0.0,0,0,0.573534,0.0,0,0,0.0,0
0.0,0.0,0.0,0.0,0.0,0.0,0.0,0,0,0.5772702,0.0,0,0,0.0,0
0.0,0.0,0.0,0.0,0.0,0.0,0.0,0,0,0.5808821,0.0,0,0,0.0,0
0.0,0.0,0.0,0.0,0.0,0.0,0.0,0,0,0.58437765,0.0,0,0,0.0,0
0.0,0.0,0.0,0.0,0.0,0.49683625,0.0,0,0,0.5788369,0.0,0,0,0.0,0
0.0,0.0,0.0,0.0,0.0,0.701799,0.0,0,0,0.5729981,0.0,0,0,0.0,0
0.0,0.0,0.0,0.0,0.0,0.5299158,0.0,0,0,0.5668274,0.0,0,0,0.0,0
0.0,0.0,0.0,0.0,0.0,0.2654172,0.0,0,0,0.56028473,0.0,0,0,0.0,0
0.0,0.0,0.0,0.0,0.0,0.34214,0.0,0,0,0.5533223,0.0,0,0,0.0,0
0.0,0.0,0.0,0.0,0.0,0.0,0.0,0,0,0.5458827,0.0,0,0,0.0,0
0.0,0.0,0.0,0.0,0.0,0.1983255,0.0,0,0,0.53789556,0.0,0,0,0.0,0
0.0,0.0,0.0,0.0,0.0,0.12160272,0.0,0,0,0.5292738,0.0,0,0,0.0,0
0.0,0.0,0.0,0.0,0.0,0.36480817,0.0,0,0,0.5199079,0.0,0,0,0.0,0
0.0,0.0,0.0,0.0,0.0,0.34214,0.0,0,0,0.50965714,0.0,0,0,0.0,0
0.0,0.0,0.0,0.0,0.0,0.21538806,0.0,0,0,0.56991935,0.0,0,0,0.0,0
0.0,0.0,0.0,0.0,0.0,0.34706023,0.0,0,0,0.6084451,0.0,0,0,0.0,0
0.0,0.0,0.0,0.0,0.0,0.31992823,0.0,0,0,0.6368231,0.0,0,0,0.0,0
0.0,0.0,0.0,0.0,0.0,0.45502263,0.0,0,0,0.65929985,0.0,0,0,0.0,0
0.0,0.0,0.0,0.0,0.0,0.6922211,0.0,0,0,0.677912,0.0,0,0,0.0,0
0.0,0.0,0.0,0.0,0.0,0.5959967,0.0,0,0,0.6937956,0.0,0,0,0.0,0
0.0,0.0,0.0,0.0,0.0,0.0,0.0,0,0,0.70764935,0.0,0,0,0.0,0
0.0,0.0,0.0,0.0,0.0,0.0,0.0,0,0,0.71993375,0.0,0,0,0.0,0
0.0,0.0,0.0,0.0,0.0,0.0,0.0,0,0,0.73096836,0.0,0,0,0.0,0
0.0,0.0,0.0,0.0,0.0,0.0,0.0,0,0,0.7409843,0.0,0,0,0.0,0
0.0,0.0,0.0,0.0,0.0,0.0,0.0,0,0,0.7326313,0.0,0,0,0.0,0
0.0,0.0,0.0,0.0,0.0,0.0,0.0,0,0,0.7235818,0.0,0,0,0.0,0
0.0,0.0,0.0,0.0,0.0,0.0,0.0,0,0,0.7137088,0.0,0,0,0.0,0
0.0,0.0,0.0,0.0,0.0,0.0,0.0,0,0,0.7028474,0.0,0,0,0.0,0
0.0,0.0,0.0,0.0,0.0,0.0,0.0,0,0,0.6907775,0.0,0,0,0.0,0
0.0,0.0,0.0,0.0,0.0,0.0,0.0,0,0,0.6771959,0.0,0,0,0.0,0
0.0,0.0,0.0,0.0,0.0,0.0,0.0,3,0,0.66166914,0.0,0,0,0.0,0
0.0,0.0,0.0,0.0,0.0,0.0,0.0,3,0,0.6435454,0.0,0,0,0.0,0
0.0,0.0,0.0,0.0,0.0,0.5202848,0.0,3,0,0.62177783,0.0,0,0,0.0,0
0.0,0.0,0.0,0.0,0.0,0.6771973,0.0,3,0,0.59452313,0.0,0,0,0.0,0
0.0,0.0,0.0,0.0,0.0,0.5939468,0.0,0,0,0.5922904,0.0,0,0,0.0,0
0.0,0.0,0.0,0.0,0.0,0.33699077,0.0,0,0,0.5900108,0.0,0,0,0.0,0
0.0,0.0,0.0,0.0,0.0,0.0,0.0,0,0,0.5876823,0.0,1,1,0.17467645,0
0.0,0.0,0.0,0.0,0.0,0.21538806,0.0,0,0,0.5853028,0.0,1,0,0.17467645,0
0.0,0.0,0.0,0.0,0.0,0.48911074,0.0,0,0,0.58286995,0.0,1,0,0.17467645,0
0.0,0.0,0.0,0.0,0.0,0.29211083,0.0,0,0,0.58038133,0.0,1,0,0.17467645,0
0.0,0.0,0.0,0.0,0.0,0.283908,0.0,0,0,0.57783437,0.0,1,0,0.17467645,0
0.0,0.0,0.0,0.0,0.0,0.25486755,0.0,0,0,0.5752262,0.0,1,0,0.17467645,0
0.0,0.0,0.0,0.0,0.0,0.2654172,0.0,0,0,0.5725538,0.0,1,0,0.17467645,0
0.0,0.0,0.0,0.0,0.0,0.29211083,0.0,0,0,0.569814,0.0,1,0,0.17467645,0
0.0,0.0,0.0,0.0,0.0,0.283908,0.0,0,0,0.567914,0.0,1,0,0.17467645,0
0.0,0.0,0.0,0.0,0.0,0.6229077,0.0,0,0,0.5659802,0.0,1,0,0.17467645,0
0.0,0.0,0.0,0.0,0.0,0.6835917,0.0,0,0,0.56401134,0.0,0,0,0.38573828,0
0.0,0.0,0.0,0.0,0.0,0.35177106,0.0,0,0,0.5620061,0.0,0,0,0.38573828,0
0.0,0.0,0.0,0.0,0.0,0.40551072,0.0,0,0,0.5599631,0.0,0,0,0.38573828,0
0.0,0.0,0.0,0.0,0.0,0.283908,0.0,7,0,0.55788094,0.0,0,1,0.38573828,0
0.0,0.0,0.0,0.0,0.0,0.0,0.0,3,0,0.55575806,0.0,0,1,0.38573828,0
0.0,0.0,0.0,0.0,0.0,0.39353284,0.0,3,0,0.55359286,0.0,0,1,0.38573828,0
0.0,0.0,0.0,0.0,0.0,0.2750483,0.0,7,0,0.5513836,0.0,0,1,0.38573828,0
0.0,0.0,0.0,0.0,0.0,0.07672278,0.0,3,0,0.5491284,0.0,0,0,0.38573828,0
0.0,0.0,0.0,0.0,0.0,0.36480817,0.0,3,0,0.545691,0.0,0,0,0.38573828,0
0.0,0.0,0.0,0.0,0.0,0.3068911,0.0,7,0,0.54214114,0.0,0,0,0.38573828,0
0.0,0.0,0.0,0.0,0.0,0.37647027,0.0,7,0,0.5384713,0.0,0,0,0.94035375,0
0.0,0.0,0.0,0.0,0.0,0.24320544,0.0,7,0,0.5346731,0.0,0,0,0.94035375,0
0.0,0.0,0.0,0.0,0.0,0.3996837,0.0,3,0,0.53073716,0.0,0,0,0.94035375,0
0.0,0.0,0.0,0.0,0.0,0.3136015,0.0,3,0,0.5266531,0.0,0,0,0.94035375,0
0.0,0.0,0.0,0.0,0.0,0.3727178,0.0,3,0,0.5224095,0.0,0,0,0.94035375,0
0.0,0.0,0.0,0.0,0.0,0.0,0.0,3,0,0.5179932,0.0,0,0,0.94035375,0
0.0,0.0,0.0,0.0,0.0,0.0,0.0,3,0,0.5133896,0.0,0,0,0.94035375,0
0.0,0.0,0.0,0.0,0.0,0.0,0.0,3,0,0.5085822,0.0,0,0,0.94035375,0
0.0,0.0,0.0,0.0,0.0,0.2654172,0.0,3,0,0.517724,0.0,0,0,0.94035375,0
0.0,0.0,0.0,0.0,0.0,0.2750483,0.0,3,0,0.5261555,0.0,0,0,0.94035375,0
0.0,0.0,0.0,0.0,0.0,0.2997475,0.0,3,0,0.5339791,0.0,0,0,0.35479894,0
0.0,0.0,0.0,0.0,0.0,0.23016833,0.0,3,0,0.54127663,0.0,0,0,0.35479894,0
0.0,0.0,0.0,0.0,0.0,0.2750483,0.0,3,0,0.5481145,0.0,0,0,0.35479894,0
0.0,0.0,0.0,0.0,0.0,0.283908,0.0,3,0,0.554547,0.0,0,0,0.35479894,0
0.0,0.0,0.0,0.0,0.0,0.31992823,0.0,3,0,0.5606197,0.0,0,0,0.35479894,0
0.0,0.0,0.0,0.0,0.0,0.3068911,0.0,3,0,0.56637067,0.0,0,0,0.35479894,0
0.0,0.0,0.0,0.0,0.0,0.29211083,0.0,3,0,0.57183224,0.0,0,0,0.35479894,0
0.0,0.0,0.0,0.0,0.0,0.2750483,0.0,3,0,0.5770322,0.0,0,0,0.35479894,0
0.0,0.0,0.0,0.0,0.0,0.23016833,0.0,3,0,0.5999081,0.0,0,0,0.35479894,0
0.0,0.0,0.0,0.0,0.0,0.3136015,0.0,3,0,0.6187929,0.0,0,0,0.35479894,0
0.0,0.0,0.0,0.0,0.0,0.23016833,0.0,3,0,0.63487446,0.0,0,0,0.56925005,0
0.0,0.0,0.0,0.0,0.0,0.2750483,0.0,3,0,0.6488785,0.0,0,0,0.56925005,0
0.0,0.0,0.0,0.0,0.0,0.29211083,0.0,3,0,0.6612809,0.0,0,0,0.56925005,0
0.0,0.0,0.0,0.0,0.0,0.31992823,0.0,3,0,0.67241067,0.0,0,0,0.56925005,0
0.0,0.0,0.0,0.0,0.0,0.29211083,0.0,3,0,0.68250483,0.0,0,0,0.56925005,0
0.0,0.0,0.0,0.0,0.0,0.48080528,0.0,3,0,0.69173986,0.0,0,1,0.56925005,0
0.0,0.0,0.0,0.0,0.0,0.34214,0.0,7,0,0.70025057,0.0,0,0,0.56925005,0
0.0,0.0,0.0,0.0,0.0,0.41104627,0.0,3,0,0.70814234,0.0,0,0,0.56925005,0
0.0,0.0,0.0,0.0,0.0,0.25486755,0.0,7,0,0.70195585,0.0,0,0,0.56925005,0
0.0,0.0,0.0,0.0,0.0,0.45319304,0.0,3,0,0.6953954,0.0,0,0,0.56925005,0
0.0,0.0,0.0,0.0,0.0,0.34214,0.0,7,0,0.6884129,0.0,0,0,0.5404754,1
0.0,0.0,0.0,0.0,0.0,0.0,0.0,7,0,0.6809503,0.0,0,0,0.5404754,1
0.0,0.0,0.0,0.0,0.0,0.1983255,0.0,3,0,0.6729367,0.0,0,0,0.5404754,1
0.0,0.0,0.0,0.0,0.0,0.29211083,0.0,3,0,0.66428405,0.0,0,0,0.5404754,1
0.0,0.0,0.0,0.0,0.0,0.44751552,0.0,3,0,0.6548817,0.0,0,1,0.5404754,0
0.0,0.0,0.0,0.0,0.0,0.15344556,0.0,3,0,0.6445873,0.0,0,1,0.5404754,0
0.0,0.0,0.0,0.0,0.0,0.0,0.0,3,0,0.6332136,0.0,0,1,0.5404754,0
0.0,0.0,0.0,0.0,0.0,0.3068911,0.0,3,0,0.62050736,0.0,0,1,0.5404754,0
0.0,0.0,0.0,0.0,0.0,0.0,0.0,3,0,0.61886954,0.0,0,1,0.5404754,0
0.0,0.0,0.0,0.0,0.0,0.17814477,0.0,3,0,0.6172067,0.0,0,1,0.5404754,0
0.0,0.0,0.0,0.0,0.0,0.23016833,0.0,3,0,0.6155179,0.0,1,1,0.878472,0
0.0,0.0,0.0,0.0,0.0,0.15344556,0.0,3,0,0.6138025,0.0,1,1,0.878472,0
0.0,0.0,0.0,0.0,0.0,0.15344556,0.0,3,0,0.6120595,0.0,1,1,0.878472,0
0.0,0.0,0.0,0.0,0.0,0.21538806,0.0,3,0,0.6102881,0.0,1,1,0.878472,0
0.0,0.0,0.0,0.0,0.0,0.21538806,0.0,3,0,0.60848725,0.0,1,1,0.878472,0
0.0,0.0,0.0,0.0,0.0,0.2750483,0.0,3,0,0.6066561,0.0,1,1,0.878472,0
0.0,0.0,0.0,0.0,0.0,0.0,0.0,3,0,0.6047935,0.0,1,0,0.878472,1
0.0,0.0,0.0,0.0,0.0,0.12160272,0.0,3,0,0.60289836,0.0,1,0,0.878472,1
0.0,0.0,0.0,0.0,0.0,0.0,0.0,3,0,0.6048319,0.0,1,0,0.878472,1
0.0,0.0,0.0,0.0,0.0,0.0,0.0,3,0,0.60673153,0.0,1,0,0.878472,1
0.0,0.0,0.0,0.0,0.0,0.0,0.0,3,0,0.60859853,0.0,0,0,0.87634826,1
0.0,0.0,0.0,0.0,0.0,0.0,0.0,3,0,0.610434,0.0,0,0,0.87634826,1
0.0,0.0,0.0,0.0,0.0,0.15344556,0.0,3,0,0.6122389,0.0,0,0,0.87634826,1
0.0,0.0,0.0,0.0,0.0,0.0,0.0,3,0,0.6140143,0.0,0,0,0.87634826,1
0.0,0.0,0.0,0.0,0.0,0.0,0.0,3,0,0.61576116,0.0,0,0,0.87634826,1
0.0,0.0,0.0,0.0,0.0,0.12160272,0.0,3,0,0.61748034,0.0,0,0,0.87634826,1
0.0,0.0,0.0,0.0,0.0,0.0,0.0,3,0,0.61917275,0.0,0,0,0.87634826,1
0.0,0.0,0.0,0.0,0.0,0.0,0.0,3,0,0.6208391,0.0,0,0,0.87634826,1
0.0,0.0,0.0,0.0,0.0,0.0,0.0,3,0,0.68790853,0.0,0,0,0.87634826,1
0.0,0.0,0.0,0.0,0.0,0.0,0.0,3,0,0.72905856,0.0,0,0,0.87634826,1
0.0,0.0,0.0,0.0,0.0,0.0,0.0,3,0,0.75882775,0.0,0,0,0.0,1
0.0,0.0,0.0,0.0,0.0,0.15344556,0.0,3,0,0.7821663,0.0,0,0,0.0,1
0.0,0.0,0.0,0.0,0.0,0.15344556,0.0,3,0,0.8013649,0.0,0,0,0.0,1
0.0,0.0,0.0,0.0,0.0,0.0,0.0,3,0,0.8176733,0.0,0,0,0.0,1
0.0,0.0,0.0,0.0,0.0,0.0,0.0,3,0,0.8318489,0.0,0,0,0.0,1
0.0,0.0,0.0,0.0,0.0,0.0,0.0,3,0,0.8443857,0.0,0,0,0.0,1
0.0,0.0,0.0,0.0,0.0,0.0,0.0,3,0,0.85562354,0.0,0,0,0.0,1
0.0,0.0,0.0,0.0,0.0,0.0,0.0,3,0,0.8658065,0.0,0,0,0.0,1
0.0,0.0,0.0,0.0,0.0,0.0,0.0,3,0,0.8553288,0.0,0,0,0.0,1
0.0,0.0,0.0,0.0,0.0,0.0,0.0,3,0,0.8437309,0.0,0,0,0.0,1
0.0,0.0,0.0,0.0,0.0,0.0,0.0,3,0,0.8307443,0.0,0,0,0.0,1
0.0,0.0,0.0,0.0,0.0,0.0,0.0,3,0,0.81599057,0.0,0,0,0.0,1
0.0,0.0,0.0,0.0,0.0,0.0,0.0,3,0,0.79891187,0.0,0,0,0.0,1
0.0,0.0,0.0,0.0,0.0,0.0,0.0,3,0,0.778636,0.0,0,0,0.0,1
0.0,0.0,0.0,0.0,0.0,0.0,0.0,3,0,0.75368345,0.0,0,0,0.0,1
0.0,0.0,0.0,0.0,0.0,0.0,0.0,3,0,0.72122943,0.0,0,0,0.0,1
0.0,0.0,0.0,0.0,0.0,0.0,0.0,3,0,0.6747259,0.0,0,0,0.0,1
0.0,0.0,0.0,0.0,0.0,0.12160272,0.0,3,0,0.591666,0.0,0,0,0.0,1
0.0,0.0,0.0,0.0,0.0,0.0,0.0,3,0,0.59221464,0.0,0,0,0.0,1
0.0,0.0,0.0,0.0,0.0,0.0,0.0,3,0,0.5927605,0.0,0,0,0.0,1
0.0,0.0,0.0,0.0,0.0,0.0,0.0,3,0,0.5933037,0.0,0,0,0.0,1
0.0,0.0,0.0,0.0,0.0,0.0,0.0,3,0,0.5938441,0.0,0,0,0.0,1
0.0,0.0,0.0,0.0,0.0,0.0,0.0,3,0,0.5943819,0.0,0,0,0.0,1
0.0,0.0,0.0,0.0,0.0,0.0,0.0,3,0,0.594917,0.0,0,0,0.0,1
0.0,0.0,0.0,0.0,0.0,0.0,0.0,3,0,0.5954495,0.0,0,0,0.0,1
0.0,0.0,0.0,0.0,0.0,0.0,0.0,3,0,0.5959794,0.0,0,0,0.0,1
0.0,0.0,0.0,0.0,0.0,0.0,0.0,3,0,0.5965067,0.0,0,0,0.0,1
0.0,0.0,0.0,0.0,0.0,0.0,0.0,3,0,0.59703153,0.0,0,0,0.0,1
0.0,0.0,0.0,0.0,0.0,0.0,0.0,3,0,0.5962386,0.0,0,0,0.0,1
0.0,0.0,0.0,0.0,0.0,0.0,0.0,3,0,0.59543985,0.0,0,0,0.0,1
0.0,0.0,0.0,0.0,0.0,0.0,0.0,3,0,0.5946352,0.0,0,0,0.0,1
0.0,0.0,0.0,0.0,0.0,0.0,0.0,3,0,0.5938245,0.0,0,0,0.0,1
0.0,0.0,0.0,0.0,0.0,0.0,0.0,3,0,0.59300774,0.0,0,0,0.0,1
0.0,0.0,0.0,0.0,0.0,0.0,0.0,3,0,0.5921848,0.0,0,0,0.0,1
0.0,0.0,0.0,0.0,0.0,0.0,0.0,3,0,0.59135556,0.0,0,0,0.0,1
0.0,0.0,0.0,0.0,0.0,0.0,0.0,3,0,0.5905199,0.0,0,0,0.0,1
0.0,0.0,0.0,0.0,0.0,0.0,0.0,3,0,0.5896778,0.0,0,0,0.0,1
0.0,0.0,0.0,0.0,0.0,0.0,0.0,3,0,0.5888291,0.0,0,0,0.0,1
0.0,0.0,0.0,0.0,0.0,0.0,0.0,3,0,0.5879806,0.0,0,0,0.0,1
0.0,0.0,0.0,0.0,0.0,0.0,0.0,3,0,0.5871255,0.0,0,0,0.0,1
0.0,0.0,0.0,0.0,0.0,0.0,0.0,3,0,0.58626354,0.0,0,0,0.0,1
0.0,0.0,0.0,0.0,0.0,0.0,0.0,3,0,0.5853947,0.0,0,0,0.0,1
0.0,0.0,0.0,0.0,0.0,0.0,0.0,3,0,0.5845188,0.0,0,0,0.0,1
0.0,0.0,0.0,0.0,0.0,0.0,0.0,3,0,0.5836358,0.0,0,0,0.0,1
0.0,0.0,0.0,0.0,0.0,0.0,0.0,3,0,0.5827456,0.0,0,0,0.0,1
0.0,0.0,0.0,0.0,0.0,0.0,0.0,3,0,0.581848,0.0,0,0,0.0,1
0.0,0.0,0.0,0.0,0.0,0.0,0.0,3,0,0.5809429,0.0,0,0,0.0,1
0.0,0.0,0.0,0.0,0.0,0.0,0.0,3,0,0.58003026,0.0,0,0,0.0,1
0.0,0.0,0.0,0.0,0.0,0.0,0.0,3,0,0.58262247,0.0,0,0,0.0,1
0.0,0.0,0.0,0.0,0.0,0.0,0.0,3,0,0.58515424,0.0,0,0,0.0,1
0.0,0.0,0.0,0.0,0.0,0.0,0.0,3,0,0.5876283,0.0,0,0,0.0,1
0.0,0.0,0.0,0.0,0.0,0.0,0.0,3,0,0.59004724,0.0,0,0,0.0,1
0.0,0.0,0.0,0.0,0.0,0.0,0.0,3,0,0.5924135,0.0,0,0,0.0,1
0.0,0.0,0.0,0.0,0.0,0.0,0.0,3,0,0.59472924,0.0,0,0,0.0,1
0.0,0.0,0.0,0.0,0.0,0.0,0.0,3,0,0.5969966,0.0,0,0,0.0,1
0.0,0.0,0.0,0.0,0.0,0.0,0.0,3,0,0.5992176,0.0,0,0,0.0,1
0.0,0.0,0.0,0.0,0.0,0.0,0.0,3,0,0.60139406,0.0,0,0,0.0,1
0.0,0.0,0.0,0.0,0.0,0.0,0.0,3,0,0.6035278,0.0,0,0,0.0,1
0.0,0.0,0.0,0.0,0.0,0.0,0.0,3,0,0.6011927,0.0,0,0,0.0,1
0.0,0.0,0.0,0.0,0.0,0.0,0.0,3,0,0.5988064,0.0,0,0,0.0,1
0.0,0.0,0.0,0.0,0.0,0.0,0.0,3,0,0.59636635,0.0,0,0,0.0,1
0.0,0.0,0.0,0.0,0.0,0.0,0.0,3,0,0.5938703,0.0,0,0,0.0,1
0.0,0.0,0.0,0.0,0.0,0.0,0.0,3,0,0.59131545,0.0,0,0,0.0,1
0.0,0.0,0.0,0.0,0.0,0.0,0.0,3,0,0.588699,0.0,0,0,0.0,1
0.0,0.0,0.0,0.0,0.0,0.0,0.0,3,0,0.58601797,0.0,0,0,0.0,1
0.0,0.0,0.0,0.0,0.0,0.0,0.0,3,0,0.58326906,0.0,0,0,0.0,1
0.0,0.0,0.0,0.0,0.0,0.0,0.0,3,0,0.58044875,0.0,0,0,0.0,1
0.0,0.0,0.0,0.0,0.0,0.4083131,0.0,3,0,0.5775532,0.0,0,0,0.0,1
0.0,0.0,0.0,0.0,0.0,0.45502263,0.0,3,0,0.58031934,0.0,0,0,0.0,0
0.0,0.0,0.0,0.0,0.0,0.41886276,0.0,3,0,0.5830167,0.0,0,0,0.0,0
0.0,0.0,0.0,0.0,0.0,0.4163181,0.0,3,0,0.58564866,0.0,0,0,0.42157325,0
0.0,0.0,0.0,0.0,0.0,0.0,0.0,3,0,0.58821833,0.0,0,0,0.42157325,0
0.0,0.0,0.0,0.0,0.0,0.21538806,0.0,3,0,0.5907286,0.0,0,0,0.42157325,0
0.0,0.0,0.0,0.0,0.0,0.3136015,0.0,3,0,0.59318215,0.0,0,0,0.42157325,0
0.0,0.0,0.0,0.0,0.0,0.41104627,0.0,3,0,0.5955814,0.0,0,0,0.42157325,0
0.0,0.0,0.0,0.0,0.0,0.283908,0.0,3,0,0.5979289,0.0,0,0,0.42157325,0
0.0,0.0,0.0,0.0,0.0,0.0,0.0,3,0,0.60022664,0.0,0,1,0.42157325,0
0.0,0.0,0.0,0.0,0.0,0.0,0.0,0,0,0.6024767,0.0,0,0,0.42157325,0
0.0,0.0,0.0,0.0,0.0,0.0,0.0,0,0,0.60258394,0.0,0,0,0.42157325,0
0.0,0.0,0.0,0.0,0.0,0.0,0.0,0,0,0.602691,0.0,0,0,0.42157325,0
0.0,0.0,0.0,0.0,0.0,0.0,0.0,0,0,0.602798,0.0,0,0,0.58702546,0
0.0,0.0,0.0,0.0,0.0,0.0,0.0,0,0,0.60290486,0.0,0,0,0.58702546,0
0.0,0.0,0.0,0.0,0.0,0.2654172,0.0,0,0,0.6030116,0.0,0,0,0.58702546,0
0.0,0.0,0.0,0.0,0.0,0.0,0.0,0,0,0.6031183,0.0,0,0,0.58702546,0
0.0,0.0,0.0,0.0,0.0,0.0,0.0,0,0,0.6032248,0.0,0,0,0.58702546,0
0.0,0.0,0.0,0.0,0.0,0.0,0.0,0,0,0.60333127,0.0,0,0,0.58702546,0
0.0,0.0,0.0,0.0,0.0,0.0,0.0,0,0,0.60343766,0.0,0,0,0.58702546,0
0.0,0.0,0.0,0.0,0.0,0.0,0.0,0,0,0.6035439,0.0,0,0,0.58702546,0
0.0,0.0,0.0,0.0,0.0,0.0,0.0,0,0,0.60480756,0.0,0,0,0.58702546,0
0.0,0.0,0.0,0.0,0.0,0.0,0.0,0,0,0.60605675,0.0,0,0,0.58702546,0
0.0,0.0,0.0,0.0,0.0,0.0,0.0,0,0,0.6072917,0.0,0,0,0.0,0
0.0,0.0,0.0,0.0,0.0,0.0,0.0,0,0,0.6085127,0.0,0,0,0.0,0
0.0,0.0,0.0,0.0,0.0,0.0,0.0,3,0,0.60972023,0.0,0,0,0.0,0
0.0,0.0,0.0,0.0,0.0,0.0,0.0,3,0,0.6109144,0.0,0,0,0.0,0
0.0,0.0,0.0,0.0,0.0,0.0,0.0,3,0,0.6120956,0.0,0,0,0.0,0
0.0,0.0,0.0,0.0,0.0,0.0,0.0,3,0,0.6132641,0.0,0,0,0.0,0
0.0,0.0,0.0,0.0,0.0,0.0,0.0,3,0,0.6144201,0.0,0,0,0.0,0
0.0,0.0,0.0,0.0,0.0,0.3996837,0.0,3,0,0.615564,0.0,0,0,0.0,0
0.0,0.0,0.0,0.0,0.0,0.52898955,0.0,3,0,0.6319477,0.0,0,0,0.0,0
0.0,0.0,0.0,0.0,0.0,0.47182566,0.0,3,0,0.64618015,0.0,0,1,0.0,0
0.0,0.0,0.0,0.0,0.0,0.3727178,0.0,0,0,0.65876126,0.0,0,0,0.293806,0
0.0,0.0,0.0,0.0,0.0,0.0,0.0,0,0,0.67003477,0.0,0,0,0.293806,0
0.0,0.0,0.0,0.0,0.0,0.3727178,0.0,0,0,0.680247,0.0,0,0,0.293806,0
0.0,0.0,0.0,0.0,0.0,0.3136015,0.0,0,0,0.68958074,0.0,0,0,0.293806,0
0.0,0.0,0.0,0.0,0.0,0.0,0.0,0,0,0.6981752,0.0,0,0,0.293806,0
0.0,0.0,0.0,0.0,0.0,0.41371357,0.0,0,0,0.7061389,0.0,0,0,0.293806,0
0.0,0.0,0.0,0.0,0.0,0.3068911,0.0,0,0,0.71355826,0.0,0,0,0.293806,0
0.0,0.0,0.0,0.0,0.0,0.38701993,0.0,0,0,0.72050285,0.0,0,0,0.293806,0
0.0,0.0,0.0,0.0,0.0,0.56911826,0.0,0,0,0.7118285,0.0,0,0,0.293806,0
0.0,0.0,0.0,0.0,0.0,0.4943205,0.0,0,0,0.70240045,0.0,0,0,0.293806,0
0.0,0.0,0.0,0.0,0.0,0.37647027,0.0,0,0,0.69207513,0.0,0,0,0.0,0
0.0,0.0,0.0,0.0,0.0,0.0,0.0,0,0,0.68066376,0.0,0,0,0.0,0
0.0,0.0,0.0,0.0,0.0,0.0,0.0,0,0,0.6679105,0.0,0,0,0.0,0
0.0,0.0,0.0,0.0,0.0,0.0,0.0,0,0,0.6534574,0.0,0,0,0.0,0
0.0,0.0,0.0,0.0,0.0,0.0,0.0,0,0,0.6367805,0.0,0,0,0.0,0
0.0,0.0,0.0,0.0,0.0,0.42849383,0.0,0,0,0.61706877,0.0,0,0,0.0,0
0.0,0.0,0.0,0.0,0.0,0.53354526,0.0,0,0,0.59296644,0.0,0,0,0.0,0
0.0,0.0,0.0,0.0,0.0,0.4864109,0.0,0,0,0.56194,0.0,0,0,0.0,0
0.0,0.0,0.0,0.0,0.0,0.0,0.0,0,0,0.5669311,0.0,0,0,0.0,0
0.0,0.0,0.0,0.0,0.0,0.23016833,0.0,0,0,0.5717029,0.0,0,0,0.0,0
0.0,0.0,0.0,0.0,0.0,0.0,0.0,0,0,0.5762737,0.0,0,0,0.0,0
0.0,0.0,0.0,0.0,0.0,0.36480817,0.0,0,0,0.5806598,0.0,0,0,0.0,0
0.0,0.0,0.0,0.0,0.0,0.35177106,0.0,0,0,0.58487564,0.0,0,0,0.0,0
0.0,0.0,0.0,0.0,0.0,0.2750483,0.0,0,0,0.5889338,0.0,0,0,0.0,0
0.0,0.0,0.0,0.0,0.0,0.2997475,0.0,0,0,0.5928458,0.0,0,0,0.0,0
0.0,0.0,0.0,0.0,0.0,0.29211083,0.0,0,0,0.5966217,0.0,0,0,0.0,0
0.0,0.0,0.0,0.0,0.0,0.45133272,0.0,0,0,0.6002707,0.0,0,0,0.0,0
0.0,0.0,0.0,0.0,0.0,0.283908,0.0,0,0,0.603801,0.0,0,0,0.0,0
0.0,0.0,0.0,0.0,0.0,0.23016833,0.0,0,0,0.6465922,0.0,0,0,0.0,0
0.0,0.0,0.0,0.0,0.0,0.0,0.0,0,0,0.6772057,0.0,0,0,0.0,0
0.0,0.0,0.0,0.0,0.0,0.283908,0.0,0,0,0.7010587,0.0,0,0,0.0,0
0.0,0.0,0.0,0.0,0.0,0.1983255,0.0,0,0,0.7206036,0.0,0,0,0.0,0
0.0,0.0,0.0,0.0,0.0,0.5404655,0.0,0,0,0.73716104,0.0,0,0,0.0,0
0.0,0.0,0.0,0.0,0.0,0.5361913,0.0,0,0,0.7515244,0.0,0,0,0.0,0
0.0,0.0,0.0,0.0,0.0,0.45133272,0.0,0,0,0.76420766,0.0,0,0,0.0,0
0.0,0.0,0.0,0.0,0.0,0.24320544,0.0,0,0,0.77556306,0.0,0,0,0.0,0
0.0,0.0,0.0,0.0,0.0,0.1983255,0.0,0,0,0.7858425,0.0,0,0,0.0,0
0.0,0.0,0.0,0.0,0.0,0.21538806,0.0,0,0,0.79523224,0.0,0,0,0.0,0
0.0,0.0,0.0,0.0,0.0,0.1983255,0.0,0,0,0.7854082,0.0,0,0,0.0,0
0.0,0.0,0.0,0.0,0.0,0.23016833,0.0,0,0,0.77460593,0.0,0,0,0.0,0
0.0,0.0,0.0,0.0,0.0,0.21538806,0.0,0,0,0.76260895,0.0,0,0,0.0,0
0.0,0.0,0.0,0.0,0.0,0.25486755,0.0,0,0,0.74911976,0.0,0,0,0.0,0
0.0,0.0,0.0,0.0,0.0,0.25486755,0.0,0,0,0.73371375,0.0,0,0,0.0,0
0.0,0.0,0.0,0.0,0.0,0.24320544,0.0,0,0,0.7157543,0.0,0,0,0.0,0
0.0,0.0,0.0,0.0,0.0,0.25486755,0.0,3,0,0.6942236,0.0,0,0,0.0,0
0.0,0.0,0.0,0.0,0.0,0.24320544,0.0,3,0,0.66733986,0.0,0,0,0.0,0
0.0,0.0,0.0,0.0,0.0,0.23016833,0.0,3,0,0.63152826,0.0,0,0,0.0,0
0.0,0.0,0.0,0.0,0.0,0.2654172,0.0,3,0,0.5777283,0.0,0,0,0.0,0
0.0,0.0,0.0,0.0,0.0,0.21538806,0.0,3,0,0.5806916,0.0,0,0,0.0,0
0.0,0.0,0.0,0.0,0.0,0.21538806,0.0,3,0,0.58357614,0.0,0,0,0.0,0
0.0,0.0,0.0,0.0,0.0,0.24320544,0.0,3,0,0.5863861,0.0,0,0,0.0,0
0.0,0.0,0.0,0.0,0.0,0.21538806,0.0,3,0,0.5891251,0.0,0,0,0.0,0
0.0,0.0,0.0,0.0,0.0,0.24320544,0.0,3,0,0.5917967,0.0,0,0,0.0,0
0.0,0.0,0.0,0.0,0.0,0.23016833,0.0,3,0,0.59440416,0.0,0,0,0.0,0
0.0,0.0,0.0,0.0,0.0,0.21538806,0.0,3,0,0.5969505,0.0,0,0,0.0,0
0.0,0.0,0.0,0.0,0.0,0.525205,0.0,3,0,0.59943837,0.0,0,0,0.0,0
0.0,0.0,0.0,0.0,0.0,0.44153094,0.0,3,0,0.6018706,0.0,0,1,0.0,0
0.0,0.0,0.0,0.0,0.0,0.38701993,0.0,3,0,0.60424954,0.0,0,0,0.0,0
0.0,0.0,0.0,0.0,0.0,0.3996837,0.0,3,0,0.60282713,0.0,0,0,0.0,0
0.0,0.0,0.0,0.0,0.0,0.1983255,0.0,3,0,0.6013859,0.0,0,0,0.0,0
0.0,0.0,0.0,0.0,0.0,0.12160272,0.0,3,0,0.5999252,0.0,0,0,0.6348196,0
0.0,0.0,0.0,0.0,0.0,0.17814477,0.0,3,0,0.59844464,0.0,0,0,0.6348196,0
0.0,0.0,0.0,0.0,0.0,0.4163181,0.0,3,0,0.5969436,0.0,0,0,0.6348196,0
0.0,0.0,0.0,0.0,0.0,0.17814477,0.0,7,0,0.59542155,0.0,0,0,0.6348196,0
0.0,0.0,0.0,0.0,0.0,0.15344556,0.0,3,0,0.5938778,0.0,0,0,0.6348196,0
0.0,0.0,0.0,0.0,0.0,0.41371357,0.0,3,0,0.5923118,0.0,0,0,0.6348196,0
0.0,0.0,0.0,0.0,0.0,0.1983255,0.0,3,0,0.5907229,0.0,0,0,0.6348196,0
0.0,0.0,0.0,0.0,0.0,0.21538806,0.0,3,0,0.5891104,0.0,0,0,0.6348196,0
0.0,0.0,0.0,0.0,0.0,0.23016833,0.0,3,0,0.58856875,0.0,0,0,0.6348196,0
0.0,0.0,0.0,0.0,0.0,0.23016833,0.0,3,0,0.5880244,0.0,0,0,0.6348196,0
0.0,0.0,0.0,0.0,0.0,0.5017024,0.0,3,0,0.5874773,0.0,0,0,0.0,0
0.0,0.0,0.0,0.0,0.0,0.54295295,0.0,3,0,0.5869274,0.0,0,0,0.0,0
0.0,0.0,0.0,0.0,0.0,0.3068911,0.0,3,0,0.58637476,0.0,0,0,0.0,0
0.0,0.0,0.0,0.0,0.0,0.35628954,0.0,0,0,0.58581924,0.0,0,0,0.0,0
0.0,0.0,0.0,0.0,0.0,0.2997475,0.0,0,0,0.5852609,0.0,0,0,0.0,0
0.0,0.0,0.0,0.0,0.0,0.35628954,0.0,0,0,0.5846997,0.0,0,0,0.0,0
0.0,0.0,0.0,0.0,0.0,0.34706023,0.0,0,0,0.58413553,0.0,0,0,0.0,0
0.0,0.0,0.0,0.0,0.0,0.24320544,0.0,0,0,0.58356845,0.0,0,0,0.0,0
0.0,0.0,0.0,0.0,0.0,0.21538806,0.0,0,0,0.58548534,0.0,0,0,0.0,0
0.0,0.0,0.0,0.0,0.0,0.35177106,0.0,0,0,0.587369,0.0,0,0,0.0,0
0.0,0.0,0.0,0.0,0.0,0.31992823,0.0,0,0,0.5892206,0.0,0,0,0.0,0
0.0,0.0,0.0,0.0,0.0,0.36480817,0.0,0,0,0.5910411,0.0,0,0,0.0,0
0.0,0.0,0.0,0.0,0.0,0.36480817,0.0,0,0,0.5928316,0.0,0,0,0.0,0
0.0,0.0,0.0,0.0,0.0,0.42849383,0.0,0,0,0.59459305,0.0,0,0,0.0,0
0.0,0.0,0.0,0.0,0.0,0.35628954,0.0,0,0,0.59632635,0.0,0,0,0.0,0
0.0,0.0,0.0,0.0,0.0,0.3136015,0.0,0,0,0.5980324,0.0,0,0,0.0,0
0.0,0.0,0.0,0.0,0.0,0.1983255,0.0,0,0,0.5997121,0.0,0,0,0.0,0
0.0,0.0,0.0,0.0,0.0,0.44751552,0.0,0,0,0.60136616,0.0,0,0,0.0,0
0.0,0.0,0.0,0.0,0.0,0.4654072,0.0,0,0,0.60357285,0.0,0,0,0.0,0
0.0,0.0,0.0,0.0,0.0,0.5560811,0.0,0,0,0.60573554,0.0,0,0,0.0,0
0.0,0.0,0.0,0.0,0.0,0.21538806,0.0,0,0,0.607856,0.0,0,0,0.0,0
0.0,0.0,0.0,0.0,0.0,0.23016833,0.0,0,0,0.6099358,0.0,0,0,0.0,0
0.0,0.0,0.0,0.0,0.0,0.24320544,0.0,0,0,0.61197656,0.0,0,0,0.0,0
0.0,0.0,0.0,0.0,0.0,0.1983255,0.0,0,0,0.61397964,0.0,0,0,0.0,0
0.0,0.0,0.0,0.0,0.0,0.1983255,0.0,0,0,0.6159465,0.0,0,0,0.0,0
0.0,0.0,0.0,0.0,0.0,0.35628954,0.0,0,0,0.61787826,0.0,0,0,0.0,0
0.0,0.0,0.0,0.0,0.0,0.21538806,0.0,0,0,0.6197763,0.0,0,0,0.0,0
0.0,0.0,0.0,0.0,0.0,0.21538806,0.0,0,0,0.62164176,0.0,0,0,0.0,0
0.0,0.0,0.0,0.0,0.0,0.23016833,0.0,0,0,0.6173865,0.0,0,0,0.0,0
0.0,0.0,0.0,0.0,0.0,0.24320544,0.0,0,0,0.61295766,0.0,0,0,0.0,0
0.0,0.0,0.0,0.0,0.0,0.24320544,0.0,0,0,0.60834044,0.0,0,0,0.0,0
0.0,0.0,0.0,0.0,0.0,0.53174543,0.0,0,0,0.6035181,0.0,0,0,0.0,0
0.0,0.0,0.0,0.0,0.0,0.36063078,0.0,7,0,0.59847164,0.0,0,0,0.0,0
0.0,0.0,0.0,0.0,0.0,0.37647027,0.0,3,0,0.5931791,0.0,0,0,0.0,0
0.0,0.0,0.0,0.0,0.0,0.42616346,0.0,3,0,0.58761525,0.0,0,0,0.0,0
0.0,0.0,0.0,0.0,0.0,0.17814477,0.0,3,0,0.58175087,0.0,0,0,0.0,0
0.0,0.0,0.0,0.0,0.0,0.38361388,0.0,3,0,0.5755515,0.0,0,0,0.0,0
0.0,0.0,0.0,0.0,0.0,0.5212864,0.0,3,0,0.56897664,0.0,0,1,0.0,0
0.0,0.0,0.0,0.0,0.0,0.2750483,0.0,3,0,0.57281464,0.0,0,1,0.0,0
0.0,0.0,0.0,0.0,0.0,0.46033666,0.0,3,0,0.57652164,0.0,0,0,0.0,0
0.0,0.0,0.0,0.0,0.0,0.37647027,0.0,3,0,0.5801062,0.0,1,1,0.9735068,0
0.0,0.0,0.0,0.0,0.0,0.36480817,0.0,3,0,0.58357614,0.0,1,0,0.9735068,0
0.0,0.0,0.0,0.0,0.0,0.283908,0.0,7,0,0.5869387,0.0,1,1,0.9735068,0
0.0,0.0,0.0,0.0,0.0,0.2654172,0.0,3,0,0.5902002,0.0,1,1,0.9735068,0
0.0,0.0,0.0,0.0,0.0,0.3259128,0.0,3,0,0.59336656,0.0,1,1,0.9735068,0
0.0,0.0,0.0,0.0,0.0,0.2997475,0.0,3,0,0.5964432,0.0,1,0,0.9735068,0
0.0,0.0,0.0,0.0,0.0,0.46704707,0.0,0,0,0.59943503,0.0,1,0,0.9735068,0
0.0,0.0,0.0,0.0,0.0,0.5560811,0.0,0,0,0.60234666,0.0,1,0,0.9735068,0
0.0,0.0,0.0,0.0,0.0,0.4864109,0.0,0,0,0.6075122,0.0,1,0,0.9735068,0
0.0,0.0,0.0,0.0,0.0,0.33159032,0.0,0,0,0.61244303,0.0,1,0,0.9735068,0
0.0,0.0,0.0,0.0,0.0,0.33699077,0.0,7,0,0.61715966,0.0,0,0,0.8463909,0
0.0,0.0,0.0,0.0,0.0,0.31992823,0.0,7,0,0.62167984,0.0,0,0,0.8463909,0
0.0,0.0,0.0,0.0,0.0,0.35628954,0.0,7,0,0.6260194,0.0,0,0,0.8463909,0
0.0,0.0,0.0,0.0,0.0,0.39032426,0.0,7,0,0.6301921,0.0,0,0,0.8463909,0
0.0,0.0,0.0,0.0,0.0,0.4637427,0.0,7,0,0.6342104,0.0,0,0,0.8463909,0
0.0,0.0,0.0,0.0,0.0,0.283908,0.0,7,0,0.63808525,0.0,0,0,0.8463909,0
0.0,0.0,0.0,0.0,0.0,0.45502263,0.0,7,0,0.64182657,0.0,0,0,0.8463909,0
0.0,0.0,0.0,0.0,0.0,0.38009968,0.0,7,0,0.6454432,0.0,0,0,0.8463909,0
0.0,0.0,0.0,0.0,0.0,0.36883363,0.0,8,0,0.64155024,0.0,0,0,0.8463909,0
0.0,0.0,0.0,0.0,0.0,0.525205,0.0,8,0,0.6375125,0.0,0,0,0.8463909,0
0.0,0.0,0.0,0.0,0.0,0.51618475,0.0,8,0,0.6333188,0.0,0,0,0.0,0
0.0,0.0,0.0,0.0,0.0,0.3259128,0.0,8,0,0.62895656,0.0,0,0,0.0,0
0.0,0.0,0.0,0.0,0.0,0.33699077,0.0,8,0,0.62441164,0.0,0,0,0.0,0
0.0,0.0,0.0,0.0,0.0,0.29211083,0.0,8,0,0.6196682,0.0,0,0,0.0,0
0.0,0.0,0.0,0.0,0.0,0.3136015,0.0,8,0,0.61470795,0.0,0,0,0.0,0
0.0,0.0,0.0,0.0,0.0,0.283908,0.0,8,0,0.60951024,0.0,0,0,0.0,0
0.0,0.0,0.0,0.0,0.0,0.3259128,0.0,8,0,0.6040511,0.0,0,0,0.0,0
0.0,0.0,0.0,0.0,0.0,0.31992823,0.0,8,0,0.5983029,0.0,0,0,0.0,0
0.0,0.0,0.0,0.0,0.0,0.2997475,0.0,8,0,0.5954458,0.0,0,0,0.0,0
0.0,0.0,0.0,0.0,0.0,0.2997475,0.0,8,0,0.5925115,0.0,0,0,0.0,0
0.0,0.0,0.0,0.0,0.0,0.3136015,0.0,8,0,0.5894956,0.0,0,0,0.0,0
0.0,0.0,0.0,0.0,0.0,0.33159032,0.0,8,0,0.5863936,0.0,0,0,0.0,0
0.0,0.0,0.0,0.0,0.0,0.36480817,0.0,8,0,0.58320034,0.0,0,0,0.0,0
0.0,0.0,0.0,0.0,0.0,0.36063078,0.0,7,0,0.57991034,0.0,0,0,0.0,0
0.0,0.0,0.0,0.0,0.0,0.48223352,0.0,7,0,0.57651746,0.0,0,0,0.0,0
0.0,0.0,0.0,0.0,0.0,0.12160272,0.0,7,0,0.57301515,0.0,0,0,0.0,0
0.0,0.0,0.0,0.0,0.0,0.21538806,0.0,3,0,0.56939614,0.0,0,0,0.0,0
0.0,0.0,0.0,0.0,0.0,0.1983255,0.0,3,0,0.56565225,0.0,0,1,0.0,0
0.0,0.0,0.0,0.0,0.0,0.24320544,0.0,3,0,0.5686221,0.0,0,1,0.0,0
0.0,0.0,0.0,0.0,0.0,0.17814477,0.0,3,0,0.5715129,0.0,0,1,0.0,0
0.0,0.0,0.0,0.0,0.0,0.23016833,0.0,3,0,0.57432866,0.0,0,1,0.82169104,0
0.0,0.0,0.0,0.0,0.0,0.1983255,0.0,3,0,0.5770733,0.0,0,1,0.82169104,0
0.0,0.0,0.0,0.0,0.0,0.12160272,0.0,3,0,0.5797502,0.0,0,0,0.82169104,0
0.0,0.0,0.0,0.0,0.0,0.12160272,0.0,3,0,0.5823627,0.0,0,0,0.82169104,0
0.0,0.0,0.0,0.0,0.0,0.07672278,0.0,3,0,0.58491385,0.0,0,0,0.82169104,0
0.0,0.0,0.0,0.0,0.0,0.07672278,0.0,3,0,0.5874064,0.0,0,0,0.82169104,0
0.0,0.0,0.0,0.0,0.0,0.12160272,0.0,3,0,0.589843,0.0,0,0,0.82169104,0
0.0,0.0,0.0,0.0,0.0,0.17814477,0.0,3,0,0.59222615,0.0,0,0,0.82169104,0
0.0,0.0,0.0,0.0,0.0,0.25486755,0.0,3,0,0.589448,0.0,0,0,0.82169104,0
0.0,0.0,0.0,0.0,0.0,0.0,0.0,3,0,0.5865969,0.0,0,0,0.82169104,0
0.0,0.0,0.0,0.0,0.0,0.07672278,0.0,3,0,0.58366895,0.0,0,0,0.6154755,0
0.0,0.0,0.0,0.0,0.0,0.07672278,0.0,3,0,0.5806598,0.0,0,0,0.6154755,0
0.0,0.0,0.0,0.0,0.0,0.15344556,0.0,3,0,0.5775649,0.0,0,0,0.6154755,0
0.0,0.0,0.0,0.0,0.0,0.15344556,0.0,3,0,0.5743792,0.0,0,0,0.6154755,0
0.0,0.0,0.0,0.0,0.0,0.07672278,0.0,3,0,0.57109714,0.0,0,0,0.6154755,0
0.0,0.0,0.0,0.0,0.0,0.07672278,0.0,3,0,0.5677128,0.0,0,0,0.6154755,0
0.0,0.0,0.0,0.0,0.0,0.15344556,0.0,3,0,0.56421953,0.0,0,0,0.6154755,0
0.0,0.0,0.0,0.0,0.0,0.07672278,0.0,3,0,0.5606102,0.0,0,0,0.6154755,0
0.0,0.0,0.0,0.0,0.0,0.07672278,0.0,3,0,0.5595923,0.0,0,0,0.6154755,0
0.0,0.0,0.0,0.0,0.0,0.07672278,0.0,3,0,0.55856484,0.0,0,0,0.6154755,0
0.0,0.0,0.0,0.0,0.0,0.07672278,0.0,3,0,0.55752754,0.0,0,0,0.0,0
0.0,0.0,0.0,0.0,0.0,0.07672278,0.0,3,0,0.5564802,0.0,0,0,0.0,0
0.0,0.0,0.0,0.0,0.0,0.07672278,0.0,3,0,0.5554227,0.0,0,0,0.0,0
0.0,0.0,0.0,0.0,0.0,0.07672278,0.0,3,0,0.55435485,0.0,0,0,0.0,0
0.0,0.0,0.0,0.0,0.0,0.07672278,0.0,3,0,0.55327636,0.0,0,0,0.0,0
0.0,0.0,0.0,0.0,0.0,0.17814477,0.0,3,0,0.552187,0.0,0,0,0.0,0
0.0,0.0,0.0,0.0,0.0,0.07672278,0.0,3,0,0.5510866,0.0,0,0,0.0,0
0.0,0.0,0.0,0.0,0.0,0.07672278,0.0,3,0,0.549975,0.0,0,0,0.0,0
0.0,0.0,0.0,0.0,0.0,0.07672278,0.0,3,0,0.5500224,0.0,0,0,0.0,0
0.0,0.0,0.0,0.0,0.0,0.12160272,0.0,3,0,0.5500698,0.0,0,0,0.0,0
0.0,0.0,0.0,0.0,0.0,0.12160272,0.0,3,0,0.5501172,0.0,0,0,0.0,0
0.0,0.0,0.0,0.0,0.0,0.25486755,0.0,3,0,0.5501646,0.0,0,0,0.0,0
0.0,0.0,0.0,0.0,0.0,0.1983255,0.0,3,0,0.5502119,0.0,0,0,0.0,0
0.0,0.0,0.0,0.0,0.0,0.12160272,0.0,3,0,0.55025923,0.0,0,0,0.0,0
0.0,0.0,0.0,0.0,0.0,0.07672278,0.0,3,0,0.55030656,0.0,0,0,0.0,0
0.0,0.0,0.0,0.0,0.0,0.07672278,0.0,3,0,0.5503538,0.0,0,0,0.0,0
0.0,0.0,0.0,0.0,0.0,0.07672278,0.0,3,0,0.5504011,0.0,0,0,0.0,0
0.0,0.0,0.0,0.0,0.0,0.07672278,0.0,3,0,0.5504483,0.0,0,0,0.0,0
0.0,0.0,0.0,0.0,0.0,0.12160272,0.0,3,0,0.54478806,0.0,0,0,0.0,0
0.0,0.0,0.0,0.0,0.0,0.07672278,0.0,3,0,0.53881645,0.0,0,0,0.0,0
0.0,0.0,0.0,0.0,0.0,0.07672278,0.0,3,0,0.5324972,0.0,0,0,0.0,0
0.0,0.0,0.0,0.0,0.0,0.07672278,0.0,3,0,0.5257873,0.0,0,0,0.0,0
0.0,0.0,0.0,0.0,0.0,0.07672278,0.0,3,0,0.5186352,0.0,0,0,0.0,0
0.0,0.0,0.0,0.0,0.0,0.17814477,0.0,3,0,0.5109785,0.0,0,0,0.0,0
0.0,0.0,0.0,0.0,0.0,0.12160272,0.0,3,0,0.5027407,0.0,0,0,0.0,0
0.0,0.0,0.0,0.0,0.0,0.12160272,0.0,3,0,0.49382606,0.0,0,0,0.0,0
0.0,0.0,0.0,0.0,0.0,0.12160272,0.0,3,0,0.4841135,0.0,0,0,0.0,0
0.0,0.0,0.0,0.0,0.0,0.07672278,0.0,3,0,0.47344595,0.0,0,0,0.0,0
0.0,0.0,0.0,0.0,0.0,0.07672278,0.0,3,0,0.47320038,0.0,0,0,0.0,0
0.0,0.0,0.0,0.0,0.0,0.07672278,0.0,3,0,0.47295424,0.0,0,0,0.0,0
0.0,0.0,0.0,0.0,0.0,0.07672278,0.0,3,0,0.47270757,0.0,0,0,0.0,0
0.0,0.0,0.0,0.0,0.0,0.12160272,0.0,3,0,0.4724603,0.0,0,0,0.0,0
0.0,0.0,0.0,0.0,0.0,0.07672278,0.0,3,0,0.4722125,0.0,0,0,0.0,0
0.0,0.0,0.0,0.0,0.0,0.17814477,0.0,3,0,0.4719641,0.0,0,0,0.0,0
0.0,0.0,0.0,0.0,0.0,0.15344556,0.0,3,0,0.47171512,0.0,0,0,0.0,0
0.0,0.0,0.0,0.0,0.0,0.12160272,0.0,3,0,0.47146562,0.0,0,0,0.0,0
0.0,0.0,0.0,0.0,0.0,0.07672278,0.0,3,0,0.4712155,0.0,0,0,0.0,0
0.0,0.0,0.0,0.0,0.0,0.07672278,0.0,3,0,0.47096482,0.0,0,0,0.0,0
0.0,0.0,0.0,0.0,0.0,0.12160272,0.0,3,0,0.47209376,0.0,0,0,0.0,0
0.0,0.0,0.0,0.0,0.0,0.07672278,0.0,3,0,0.47321108,0.0,0,0,0.0,0
0.0,0.0,0.0,0.0,0.0,0.17814477,0.0,3,0,0.474317,0.0,0,0,0.0,0
0.0,0.0,0.0,0.0,0.0,0.07672278,0.0,3,0,0.4754118,0.0,0,0,0.0,0
0.0,0.0,0.0,0.0,0.0,0.07672278,0.0,3,0,0.47649565,0.0,0,0,0.0,0
0.0,0.0,0.0,0.0,0.0,0.0,0.0,3,0,0.4775688,0.0,0,0,0.0,0
0.0,0.0,0.0,0.0,0.0,0.0,0.0,3,0,0.47863144,0.0,0,0,0.0,0
0.0,0.0,0.0,0.0,0.0,0.0,0.0,3,0,0.4796838,0.0,0,0,0.0,0
0.0,0.0,0.0,0.0,0.0,0.0,0.0,3,0,0.48072603,0.0,0,0,0.0,0
0.0,0.0,0.0,0.0,0.0,0.0,0.0,3,0,0.48175836,0.0,0,0,0.0,0
0.0,0.0,0.0,0.0,0.0,0.0,0.0,3,0,0.48587787,0.0,0,0,0.0,0
0.0,0.0,0.0,0.0,0.0,0.0,0.0,3,0,0.48984677,0.0,0,0,0.0,0
0.0,0.0,0.0,0.0,0.0,0.0,0.0,3,0,0.49367568,0.0,0,0,0.0,0
0.0,0.0,0.0,0.0,0.0,0.0,0.0,3,0,0.49737418,0.0,0,0,0.0,0
0.0,0.0,0.0,0.0,0.0,0.0,0.0,3,0,0.5009508,0.0,0,0,0.0,0
0.0,0.0,0.0,0.0,0.0,0.0,0.0,3,0,0.50441337,0.0,0,0,0.0,0
0.0,0.0,0.0,0.0,0.0,0.0,0.0,3,0,0.50776887,0.0,0,0,0.0,0
0.0,0.0,0.0,0.0,0.0,0.0,0.0,3,0,0.5110238,0.0,0,0,0.0,0
0.0,0.0,0.0,0.0,0.0,0.0,0.0,3,0,0.514184,0.0,0,0,0.0,0
0.0,0.0,0.0,0.0,0.0,0.0,0.0,3,0,0.51725477,0.0,0,0,0.0,0
0.0,0.0,0.0,0.0,0.0,0.0,0.0,3,0,0.5204004,0.0,0,0,0.0,0
0.0,0.0,0.0,0.0,0.0,0.0,0.0,3,0,0.52345747,0.0,0,0,0.0,0
0.0,0.0,0.0,0.0,0.0,0.0,0.0,3,0,0.5264308,0.0,0,0,0.0,0
0.0,0.0,0.0,0.0,0.0,0.0,0.0,3,0,0.5293248,0.0,0,0,0.0,0
0.0,0.0,0.0,0.0,0.0,0.0,0.0,3,0,0.5321437,0.0,0,0,0.0,0
0.0,0.0,0.0,0.0,0.0,0.0,0.0,3,0,0.5348913,0.0,0,0,0.0,0
0.0,0.0,0.0,0.0,0.0,0.0,0.0,3,0,0.5375711,0.0,0,0,0.0,0
0.0,0.0,0.0,0.0,0.0,0.0,0.0,3,0,0.5401863,0.0,0,0,0.0,0
0.0,0.0,0.0,0.0,0.0,0.0,0.0,3,0,0.54274,0.0,0,0,0.0,0
0.0,0.0,0.0,0.0,0.0,0.0,0.0,3,0,0.545235,0.0,0,0,0.0,0
0.0,0.0,0.0,0.0,0.0,0.0,0.0,3,0,0.5399611,0.0,0,0,0.0,0
0.0,0.0,0.0,0.0,0.0,0.0,0.0,3,0,0.5344179,0.0,0,0,0.0,0
0.0,0.0,0.0,0.0,0.0,0.0,0.0,3,0,0.52857643,0.0,0,0,0.0,0
0.0,0.0,0.0,0.0,0.0,0.0,0.0,3,0,0.5224027,0.0,0,0,0.0,0
0.0,0.0,0.0,0.0,0.0,0.0,0.0,3,0,0.5158566,0.0,0,0,0.0,0
0.0,0.0,0.0,0.0,0.0,0.0,0.0,3,0,0.5088904,0.0,0,0,0.0,0
0.0,0.0,0.0,0.0,0.0,0.0,0.0,3,0,0.50144637,0.0,0,0,0.0,0
0.0,0.0,0.0,0.0,0.0,0.0,0.0,3,0,0.49345416,0.0,0,0,0.0,0
0.0,0.0,0.0,0.0,0.0,0.0,0.0,3,0,0.48482653,0.0,0,0,0.0,0
0.0,0.0,0.0,0.0,0.0,0.0,0.0,3,0,0.47545367,0.0,0,0,0.0,0
0.0,0.0,0.0,0.0,0.0,0.0,0.0,3,0,0.47353125,0.0,0,0,0.0,0
0.0,0.0,0.0,0.0,0.0,0.0,0.0,3,0,0.47157416,0.0,0,0,0.0,0
0.0,0.0,0.0,0.0,0.0,0.0,0.0,3,0,0.46958116,0.0,0,0,0.0,0
0.0,0.0,0.0,0.0,0.0,0.0,0.0,3,0,0.46755087,0.0,0,0,0.0,0
0.0,0.0,0.0,0.0,0.0,0.0,0.0,3,0,0.4654819,0.0,0,0,0.0,0
0.0,0.0,0.0,0.0,0.0,0.0,0.0,3,0,0.46337274,0.0,0,0,0.0,0
0.0,0.0,0.0,0.0,0.0,0.0,0.0,3,0,0.46122175,0.0,0,0,0.0,0
0.0,0.0,0.0,0.0,0.0,0.0,0.0,3,0,0.45902735,0.0,0,0,0.0,0
0.0,0.0,0.0,0.0,0.0,0.0,0.0,3,0,0.45678765,0.0,0,0,0.0,0
0.0,0.0,0.0,0.0,0.0,0.39353284,0.0,3,0,0.45450076,0.0,0,0,0.0,0
0.0,0.0,0.0,0.0,0.0,0.23016833,0.0,3,0,0.45990077,0.0,0,1,0.0,0
0.0,0.0,0.0,0.0,0.0,0.0,0.0,3,0,0.4650449,0.0,0,0,0.0,0
0.0,0.0,0.0,0.0,0.0,0.0,0.0,3,0,0.46995625,0.0,0,0,0.56913954,0
0.0,0.0,0.0,0.0,0.0,0.0,0.0,3,0,0.47465506,0.0,0,0,0.56913954,0
0.0,0.0,0.0,0.0,0.0,0.0,0.0,3,0,0.47915888,0.0,0,0,0.56913954,0
0.0,0.0,0.0,0.0,0.0,0.0,0.0,3,0,0.4834833,0.0,0,0,0.56913954,0
0.0,0.0,0.0,0.0,0.0,0.0,0.0,3,0,0.48764208,0.0,0,0,0.56913954,0
0.0,0.0,0.0,0.0,0.0,0.0,0.0,3,0,0.49164742,0.0,0,0,0.56913954,0
0.0,0.0,0.0,0.0,0.0,0.0,0.0,3,0,0.49551022,0.0,0,0,0.56913954,0
0.0,0.0,0.0,0.0,0.0,0.0,0.0,3,0,0.4992403,0.0,0,0,0.56913954,0
0.0,0.0,0.0,0.0,0.0,0.0,0.0,3,0,0.49629074,0.0,0,0,0.56913954,0
0.0,0.0,0.0,0.0,0.0,0.0,0.0,3,0,0.49325883,0.0,0,0,0.56913954,0
0.0,0.0,0.0,0.0,0.0,0.0,0.0,3,0,0.4901398,0.0,0,0,0.0,0
0.0,0.0,0.0,0.0,0.0,0.0,0.0,3,0,0.48692852,0.0,0,0,0.0,0
0.0,0.0,0.0,0.0,0.0,0.0,0.0,3,0,0.48361936,0.0,0,0,0.0,0
0.0,0.0,0.0,0.0,0.0,0.23016833,0.0,3,0,0.48020616,0.0,0,0,0.0,0
0.0,0.0,0.0,0.0,0.0,0.38361388,0.0,3,0,0.47668216,0.0,0,0,0.0,0
0.0,0.0,0.0,0.0,0.0,0.36480817,0.0,3,0,0.47303993,0.0,0,0,0.0,0
0.0,0.0,0.0,0.0,0.0,0.4213502,0.0,3,0,0.46927127,0.0,0,0,0.0,0
0.0,0.0,0.0,0.0,0.0,0.46033666,0.0,0,0,0.46536705,0.0,0,0,0.0,0
0.0,0.0,0.0,0.0,0.0,0.4637427,0.0,7,0,0.46590573,0.0,0,1,0.0,0
0.0,0.0,0.0,0.0,0.0,0.49043635,0.0,7,0,0.4664417,0.0,0,1,0.0,0
0.0,0.0,0.0,0.0,0.0,0.283908,0.0,7,0,0.46697506,0.0,0,1,0.8999238,0
0.0,0.0,0.0,0.0,0.0,0.35177106,0.0,7,0,0.4675058,0.0,0,1,0.8999238,0
0.0,0.0,0.0,0.0,0.0,0.50862265,0.0,7,0,0.468034,0.0,0,1,0.8999238,0
0.0,0.0,0.0,0.0,0.0,0.35177106,0.0,7,0,0.4685596,0.0,0,0,0.8999238,0
0.0,0.0,0.0,0.0,0.0,0.2750483,0.0,7,0,0.46908268,0.0,0,0,0.8999238,0
0.0,0.0,0.0,0.0,0.0,0.3136015,0.0,7,0,0.46960324,0.0,0,0,0.8999238,0
0.0,0.0,0.0,0.0,0.0,0.2997475,0.0,7,0,0.47012135,0.0,0,0,0.8999238,0
0.0,0.0,0.0,0.0,0.0,0.25486755,0.0,7,0,0.47063696,0.0,0,0,0.8999238,0
0.0,0.0,0.0,0.0,0.0,0.24320544,0.0,3,0,0.4691049,0.0,0,0,0.8999238,0
0.0,0.0,0.0,0.0,0.0,0.2654172,0.0,3,0,0.46755087,0.0,0,0,0.8999238,0
0.0,0.0,0.0,0.0,0.0,0.33699077,0.0,3,0,0.46597427,0.0,0,0,0.6795789,0
0.0,0.0,0.0,0.0,0.0,0.36480817,0.0,3,0,0.46437448,0.0,0,0,0.6795789,0
0.0,0.0,0.0,0.0,0.0,0.38701993,0.0,7,0,0.46275073,0.0,0,0,0.6795789,0
0.0,0.0,0.0,0.0,0.0,0.39032426,0.0,7,0,0.46110234,0.0,0,0,0.6795789,0
0.0,0.0,0.0,0.0,0.0,0.40551072,0.0,7,0,0.45942852,0.0,0,0,0.6795789,0
0.0,0.0,0.0,0.0,0.0,0.42616346,0.0,7,0,0.4577285,0.0,0,0,0.6795789,0
0.0,0.0,0.0,0.0,0.0,0.2997475,0.0,7,0,0.45600146,0.0,0,1,0.6795789,0
0.0,0.0,0.0,0.0,0.0,0.15344556,0.0,3,0,0.4542465,0.0,0,0,0.6795789,0
0.0,0.0,0.0,0.0,0.0,0.12160272,0.0,3,0,0.4501744,0.0,0,0,0.6795789,0
0.0,0.0,0.0,0.0,0.0,0.12160272,0.0,3,0,0.44594356,0.0,0,0,0.6795789,0
0.0,0.0,0.0,0.0,0.0,0.17814477,0.0,3,0,0.4415412,0.0,0,0,0.34911266,0
0.0,0.0,0.0,0.0,0.0,0.15344556,0.0,3,0,0.43695274,0.0,0,0,0.34911266,0
0.0,0.0,0.0,0.0,0.0,0.15344556,0.0,3,0,0.43216178,0.0,0,0,0.34911266,0
0.0,0.0,0.0,0.0,0.0,0.15344556,0.0,3,0,0.4271496,0.0,0,0,0.34911266,0
0.0,0.0,0.0,0.0,0.0,0.15344556,0.0,3,0,0.42189482,0.0,0,0,0.34911266,0
0.0,0.0,0.0,0.0,0.0,0.24320544,0.0,3,0,0.4163727,0.0,0,0,0.34911266,0
0.0,0.0,0.0,0.0,0.0,0.21538806,0.0,3,0,0.4105546,0.0,0,0,0.34911266,0
0.0,0.0,0.0,0.0,0.0,0.0,0.0,3,0,0.40440696,0.0,0,0,0.34911266,0
0.0,0.0,0.0,0.0,0.0,0.0,0.0,3,0,0.40566865,0.0,0,0,0.34911266,0
0.0,0.0,0.0,0.0,0.0,0.0,0.0,3,0,0.4069158,0.0,0,0,0.34911266,0
0.0,0.0,0.0,0.0,0.0,0.283908,0.0,3,0,0.40814883,0.0,0,0,0.0,0
0.0,0.0,0.0,0.0,0.0,0.24320544,0.0,3,0,0.40936798,0.0,0,0,0.0,0
0.0,0.0,0.0,0.0,0.0,0.2654172,0.0,3,0,0.4105736,0.0,0,0,0.0,0
0.0,0.0,0.0,0.0,0.0,0.15344556,0.0,3,0,0.411766,0.0,0,1,0.0,0
0.0,0.0,0.0,0.0,0.0,0.0,0.0,3,0,0.41294545,0.0,0,0,0.0,0
0.0,0.0,0.0,0.0,0.0,0.0,0.0,3,0,0.4141122,0.0,0,0,0.0,0
0.0,0.0,0.0,0.0,0.0,0.0,0.0,3,0,0.41526654,0.0,0,0,0.0,0
0.0,0.0,0.0,0.0,0.0,0.50288624,0.0,3,0,0.41640878,0.0,0,0,0.0,0
0.0,0.0,0.0,0.0,0.0,0.35177106,0.0,3,0,0.4160009,0.0,0,0,0.0,0
0.0,0.0,0.0,0.0,0.0,0.33159032,0.0,3,0,0.41559154,0.0,0,0,0.0,0
0.0,0.0,0.0,0.0,0.0,0.07672278,0.0,3,0,0.4151806,0.0,1,1,0.884981,0
0.0,0.0,0.0,0.0,0.0,0.07672278,0.0,3,0,0.4147681,0.0,1,1,0.884981,0
0.0,0.0,0.0,0.0,0.0,0.12160272,0.0,3,0,0.41435403,0.0,1,0,0.884981,0
0.0,0.0,0.0,0.0,0.0,0.1983255,0.0,3,0,0.41393837,0.0,1,0,0.884981,0
0.0,0.0,0.0,0.0,0.0,0.2997475,0.0,3,0,0.41352114,0.0,1,0,0.884981,0
0.0,0.0,0.0,0.0,0.0,0.23016833,0.0,3,0,0.41310227,0.0,1,1,0.884981,0
0.0,0.0,0.0,0.0,0.0,0.35177106,0.0,3,0,0.4126818,0.0,1,0,0.884981,0
0.0,0.0,0.0,0.0,0.0,0.45859352,0.0,3,0,0.41225967,0.0,1,0,0.884981,0
0.0,0.0,0.0,0.0,0.0,0.4213502,0.0,7,0,0.4220368,0.0,1,0,0.884981,0
0.0,0.0,0.0,0.0,0.0,0.25486755,0.0,7,0,0.43100575,0.0,1,1,0.884981,0
0.0,0.0,0.0,0.0,0.0,0.35177106,0.0,7,0,0.43929,0.0,0,1,0.93675345,0
0.0,0.0,0.0,0.0,0.0,0.46704707,0.0,7,0,0.4469867,0.0,0,1,0.93675345,0
0.0,0.0,0.0,0.0,0.0,0.3996837,0.0,7,0,0.45417374,0.0,0,0,0.93675345,0
0.0,0.0,0.0,0.0,0.0,0.40263557,0.0,7,0,0.4609144,0.0,0,0,0.93675345,0
0.0,0.0,0.0,0.0,0.0,0.38701993,0.0,7,0,0.46726093,0.0,0,0,0.93675345,0
0.0,0.0,0.0,0.0,0.0,0.3259128,0.0,3,0,0.4732569,0.0,0,0,0.93675345,0
0.0,0.0,0.0,0.0,0.0,0.39353284,0.0,3,0,0.47893894,0.0,0,0,0.93675345,0
0.0,0.0,0.0,0.0,0.0,0.33699077,0.0,3,0,0.48433837,0.0,0,1,0.93675345,0
0.0,0.0,0.0,0.0,0.0,0.2750483,0.0,0,0,0.48475862,0.0,0,1,0.93675345,0
0.0,0.0,0.0,0.0,0.0,0.50862265,0.0,0,0,0.4851772,0.0,0,0,0.93675345,0
0.0,0.0,0.0,0.0,0.0,0.7146841,0.0,0,0,0.48559418,0.0,0,0,0.70843774,0
0.0,0.0,0.0,0.0,0.0,0.73408014,0.0,0,0,0.4860096,0.0,0,0,0.70843774,0
0.0,0.0,0.0,0.0,0.0,0.76559436,0.0,0,0,0.4864234,0.0,0,0,0.70843774,0
0.0,0.0,0.0,0.0,0.0,0.68787986,0.0,0,0,0.48683563,0.0,0,0,0.70843774,0
0.0,0.0,0.0,0.0,0.0,0.46033666,0.0,0,0,0.4872463,0.0,0,1,0.70843774,0
0.0,0.0,0.0,0.0,0.0,0.34706023,0.0,7,0,0.48765546,0.0,0,0,0.70843774,0
0.0,0.0,0.0,0.0,0.0,0.7060125,0.0,3,0,0.48806304,0.0,0,1,0.70843774,0
0.0,0.0,0.0,0.0,0.0,0.77694887,0.0,3,0,0.48846912,0.0,0,0,0.70843774,0
0.0,0.0,0.0,0.0,0.0,0.80557734,0.0,0,0,0.48679185,0.0,0,0,0.70843774,0
0.0,0.0,0.0,0.0,0.0,0.8589872,0.0,0,0,0.4850883,0.0,0,0,0.70843774,0
0.0,0.0,0.0,0.0,0.0,0.855098,0.0,0,0,0.48335755,0.0,0,0,0.8122975,0
0.0,0.0,0.0,0.0,0.0,0.8503553,0.0,0,0,0.48159876,0.0,0,0,0.8122975,0
0.0,0.0,0.0,0.0,0.0,0.8648227,0.0,0,0,0.479811,0.0,0,0,0.8122975,0
0.0,0.0,0.0,0.0,0.0,0.85631305,0.0,0,0,0.47799337,0.0,0,0,0.8122975,0
0.0,0.0,0.0,0.0,0.0,0.84845173,0.0,0,0,0.47614473,0.0,0,0,0.8122975,0
0.0,0.0,0.0,0.0,0.0,0.8443282,0.0,0,0,0.47426412,0.0,0,0,0.8122975,0
0.0,0.0,0.0,0.0,0.0,0.8560711,0.0,0,0,0.4723503,0.0,0,0,0.8122975,0
0.0,0.0,0.0,0.0,0.0,0.7788142,0.0,0,0,0.47040218,0.0,0,0,0.8122975,0
0.0,0.0,0.0,0.0,0.0,0.81717825,0.0,0,0,0.46997356,0.0,0,1,0.8122975,0
0.0,0.0,0.0,0.0,0.0,0.7726076,0.0,0,0,0.46954325,0.0,0,0,0.8122975,0
0.0,0.0,0.0,0.0,0.0,0.74263656,0.0,0,0,0.46911123,0.0,0,0,0.41800633,0
0.0,0.0,0.0,0.0,0.0,0.79977095,0.0,0,0,0.46867746,0.0,0,0,0.41800633,0
0.0,0.0,0.0,0.0,0.0,0.7616867,0.0,0,0,0.468242,0.0,0,0,0.41800633,0
0.0,0.0,0.0,0.0,0.0,0.7845063,0.0,0,0,0.46780473,0.0,0,0,0.41800633,0
0.0,0.0,0.0,0.0,0.0,0.8051177,0.0,0,0,0.4673657,0.0,0,0,0.41800633,0
0.0,0.0,0.0,0.0,0.0,0.8189537,0.0,0,0,0.46692494,0.0,0,0,0.41800633,0
0.0,0.0,0.0,0.0,0.0,0.8606264,0.0,0,0,0.46648234,0.0,0,0,0.41800633,0
0.0,0.0,0.0,0.0,0.0,0.8800998,0.0,0,0,0.46603793,0.0,0,0,0.41800633,0
0.0,0.0,0.0,0.0,0.0,0.87693596,0.0,0,0,0.4791365,0.0,0,0,0.41800633,0
0.0,0.0,0.0,0.0,0.0,0.84395057,0.0,0,0,0.49082354,0.0,0,0,0.41800633,0
0.0,0.0,0.0,0.0,0.0,0.8178645,0.0,0,0,0.50137395,0.0,0,0,0.0,0
0.0,0.0,0.0,0.0,0.0,0.79880005,0.0,0,0,0.5109893,0.0,0,0,0.0,0
0.0,0.0,0.0,0.0,0.0,0.8860207,0.0,0,0,0.519822,0.0,0,0,0.0,0
0.0,0.0,0.0,0.0,0.0,0.8969226,0.0,0,0,0.5279898,0.0,0,0,0.0,0
0.0,0.0,0.0,0.0,0.0,0.8681297,0.0,0,0,0.53558594,0.0,0,0,0.0,0
0.0,0.0,0.0,0.0,0.0,0.8568915,0.0,0,0,0.5426852,0.0,0,0,0.0,0
0.0,0.0,0.0,0.0,0.0,0.88646334,0.0,0,0,0.54934865,0.0,0,0,0.0,0
0.0,0.0,0.0,0.0,0.0,0.8872337,0.0,0,0,0.55562663,0.0,0,0,0.0,0
0.0,0.0,0.0,0.0,0.0,0.8874163,0.0,0,0,0.55093676,0.0,0,0,0.0,0
0.0,0.0,0.0,0.0,0.0,0.8872702,0.0,0,0,0.54603505,0.0,0,0,0.0,0
0.0,0.0,0.0,0.0,0.0,0.8874163,0.0,0,0,0.5409016,0.0,0,0,0.0,0
0.0,0.0,0.0,0.0,0.0,0.8873433,0.0,0,0,0.5355133,0.0,0,0,0.0,0
0.0,0.0,0.0,0.0,0.0,0.8873433,0.0,0,0,0.52984357,0.0,0,0,0.0,0
0.0,0.0,0.0,0.0,0.0,0.88737977,0.0,0,0,0.52386135,0.0,0,0,0.0,0
0.0,0.0,0.0,0.0,0.0,0.8873433,0.0,0,0,0.51753026,0.0,0,0,0.0,0
0.0,0.0,0.0,0.0,0.0,0.8873433,0.0,0,0,0.5108069,0.0,0,0,0.0,0
0.0,0.0,0.0,0.0,0.0,0.88730675,0.0,0,0,0.50363964,0.0,0,0,0.0,0
0.0,0.0,0.0,0.0,0.0,0.8872702,0.0,0,0,0.4959656,0.0,0,0,0.0,0
0.0,0.0,0.0,0.0,0.0,0.8873433,0.0,0,0,0.4970308,0.0,0,0,0.0,0
0.0,0.0,0.0,0.0,0.0,0.8938322,0.0,0,0,0.49808562,0.0,0,0,0.0,0
0.0,0.0,0.0,0.0,0.0,0.90291953,0.0,0,0,0.4991303,0.0,0,0,0.0,0
0.0,0.0,0.0,0.0,0.0,0.8993736,0.0,0,0,0.50016505,0.0,0,0,0.0,0
0.0,0.0,0.0,0.0,0.0,0.8961159,0.0,0,0,0.50119,0.0,0,0,0.0,0
0.0,0.0,0.0,0.0,0.0,0.73538494,0.0,0,0,0.5022054,0.0,0,0,0.0,0
0.0,0.0,0.0,0.0,0.0,0.48223352,0.0,0,0,0.5032114,0.0,0,1,0.0,0
0.0,0.0,0.0,0.0,0.0,0.5052166,0.0,7,0,0.5042081,0.0,0,1,0.0,0
0.0,0.0,0.0,0.0,0.0,0.4943205,0.0,7,0,0.5051958,0.0,0,0,0.0,0
0.0,0.0,0.0,0.0,0.0,0.07672278,0.0,7,0,0.50617456,0.0,0,1,0.0,0
0.0,0.0,0.0,0.0,0.0,0.5017024,0.0,7,0,0.50476617,0.0,0,1,0.0,0
0.0,0.0,0.0,0.0,0.0,0.6542517,0.0,8,0,0.5033393,0.0,0,0,0.0,0
0.0,0.0,0.0,0.0,0.0,0.0,0.0,0,0,0.5018934,0.0,0,0,0.87661755,0
0.0,0.0,0.0,0.0,0.0,0.6047783,0.0,0,0,0.500428,0.0,0,0,0.87661755,0
0.0,0.0,0.0,0.0,0.0,0.8911481,0.0,0,0,0.49894255,0.0,0,0,0.87661755,0
0.0,0.0,0.0,0.0,0.0,0.9026018,0.0,0,0,0.4974365,0.0,0,0,0.87661755,0
0.0,0.0,0.0,0.0,0.0,0.9063553,0.0,0,0,0.49590924,0.0,0,0,0.87661755,0
0.0,0.0,0.0,0.0,0.0,0.8886502,0.0,0,0,0.4943602,0.0,0,0,0.87661755,0
0.0,0.0,0.0,0.0,0.0,0.89455307,0.0,0,0,0.49278876,0.0,0,0,0.87661755,0
0.0,0.0,0.0,0.0,0.0,0.8835543,0.0,0,0,0.49119422,0.0,0,0,0.87661755,0
0.0,0.0,0.0,0.0,0.0,0.8778548,0.0,0,0,0.48972946,0.0,0,0,0.87661755,0
0.0,0.0,0.0,0.0,0.0,0.88712394,0.0,0,0,0.48824468,0.0,0,0,0.87661755,0
0.0,0.0,0.0,0.0,0.0,0.8926202,0.0,0,0,0.4867393,0.0,0,0,0.34322903,0
0.0,0.0,0.0,0.0,0.0,0.88908243,0.0,0,0,0.48521274,0.0,0,0,0.34322903,0
0.0,0.0,0.0,0.0,0.0,0.88922614,0.0,0,0,0.48366445,0.0,0,0,0.34322903,0
0.0,0.0,0.0,0.0,0.0,0.88561344,0.0,0,0,0.48209372,0.0,0,0,0.34322903,0
0.0,0.0,0.0,0.0,0.0,0.88317573,0.0,0,0,0.48049995,0.0,0,0,0.34322903,0
0.0,0.0,0.0,0.0,0.0,0.8874163,0.0,0,0,0.47888243,0.0,0,0,0.34322903,0
0.0,0.0,0.0,0.0,0.0,0.9050872,0.0,0,0,0.47724047,0.0,0,0,0.34322903,0
0.0,0.0,0.0,0.0,0.0,0.8920267,0.0,0,0,0.47557327,0.0,0,0,0.34322903,0
0.0,0.0,0.0,0.0,0.0,0.90393007,0.0,0,0,0.47674203,0.0,0,0,0.34322903,0
0.0,0.0,0.0,0.0,0.0,0.9086684,0.0,0,0,0.47789833,0.0,0,0,0.34322903,0
0.0,0.0,0.0,0.0,0.0,0.89705646,0.0,0,0,0.47904247,0.0,0,0,0.0,0
0.0,0.0,0.0,0.0,0.0,0.9060782,0.0,0,0,0.48017466,0.0,0,0,0.0,0
0.0,0.0,0.0,0.0,0.0,0.8847196,0.0,0,0,0.48129517,0.0,0,0,0.0,0
0.0,0.0,0.0,0.0,0.0,0.8982211,0.0,0,0,0.48240423,0.0,0,0,0.0,0
0.0,0.0,0.0,0.0,0.0,0.89675504,0.0,0,0,0.48350206,0.0,0,0,0.0,0
0.0,0.0,0.0,0.0,0.0,0.8896561,0.0,0,0,0.48458892,0.0,0,0,0.0,0
0.0,0.0,0.0,0.0,0.0,0.898188,0.0,0,0,0.48566502,0.0,0,0,0.0,0
0.0,0.0,0.0,0.0,0.0,0.90339434,0.0,0,0,0.48673055,0.0,0,0,0.0,0
0.0,0.0,0.0,0.0,0.0,0.9055528,0.0,0,0,0.49321058,0.0,0,0,0.0,0
0.0,0.0,0.0,0.0,0.0,0.8914652,0.0,0,0,0.49932557,0.0,0,0,0.0,0
0.0,0.0,0.0,0.0,0.0,0.8967215,0.0,0,0,0.50511444,0.0,0,0,0.0,0
0.0,0.0,0.0,0.0,0.0,0.8792387,0.0,0,0,0.5106102,0.0,0,0,0.0,0
0.0,0.0,0.0,0.0,0.0,0.8432457,0.0,0,0,0.5158411,0.0,0,0,0.0,0
0.0,0.0,0.0,0.0,0.0,0.88756216,0.0,0,0,0.5208316,0.0,0,0,0.0,0
0.0,0.0,0.0,0.0,0.0,0.87777525,0.0,0,0,0.5256027,0.0,0,0,0.0,0
0.0,0.0,0.0,0.0,0.0,0.8123956,0.0,0,0,0.53017294,0.0,0,0,0.0,0
0.0,0.0,0.0,0.0,0.0,0.7503272,0.0,0,0,0.5345586,0.0,0,0,0.0,0
0.0,0.0,0.0,0.0,0.0,0.6860945,0.0,0,0,0.5387739,0.0,0,0,0.0,0
0.0,0.0,0.0,0.0,0.0,0.7785217,0.0,0,0,0.5348346,0.0,0,0,0.0,0
0.0,0.0,0.0,0.0,0.0,0.83959633,0.0,0,0,0.53074706,0.0,0,0,0.0,0
0.0,0.0,0.0,0.0,0.0,0.84004515,0.0,0,0,0.5264995,0.0,0,0,0.47703078,0
0.0,0.0,0.0,0.0,0.0,0.6672555,0.0,0,0,0.522079,0.0,0,0,0.47703078,0
0.0,0.0,0.0,0.0,0.0,0.07672278,0.0,0,0,0.51747084,0.0,0,0,0.47703078,0
0.0,0.0,0.0,0.0,0.0,0.38361388,0.0,0,0,0.5126584,0.0,0,0,0.47703078,0
0.0,0.0,0.0,0.0,0.0,0.57842517,0.0,0,0,0.5076227,0.0,0,0,0.47703078,0
0.0,0.0,0.0,0.0,0.0,0.36480817,0.0,0,0,0.5023421,0.0,0,1,0.47703078,0
0.0,0.0,0.0,0.0,0.0,0.31992823,0.0,3,0,0.49679142,0.0,0,0,0.47703078,0
0.0,0.0,0.0,0.0,0.0,0.2750483,0.0,3,0,0.4909416,0.0,0,0,0.47703078,0
0.0,0.0,0.0,0.0,0.0,0.3068911,0.0,3,0,0.4915385,0.0,0,0,0.47703078,0
0.0,0.0,0.0,0.0,0.0,0.31992823,0.0,3,0,0.49213207,0.0,0,1,0.47703078,0
0.0,0.0,0.0,0.0,0.0,0.2997475,0.0,3,0,0.49272242,0.0,1,1,0.8206152,0
0.0,0.0,0.0,0.0,0.0,0.33699077,0.0,3,0,0.49330962,0.0,1,1,0.8206152,0
0.0,0.0,0.0,0.0,0.0,0.33699077,0.0,3,0,0.49389362,0.0,1,1,0.8206152,0
0.0,0.0,0.0,0.0,0.0,0.34706023,0.0,3,0,0.4944745,0.0,1,1,0.8206152,0
0.0,0.0,0.0,0.0,0.0,0.38009968,0.0,3,0,0.4950523,0.0,1,1,0.8206152,0
0.0,0.0,0.0,0.0,0.0,0.38701993,0.0,3,0,0.49562705,0.0,1,1,0.8206152,0
0.0,0.0,0.0,0.0,0.0,0.34706023,0.0,3,0,0.49619874,0.0,1,1,0.8206152,0
0.0,0.0,0.0,0.0,0.0,0.38009968,0.0,3,0,0.49676746,0.0,1,1,0.8206152,0
0.0,0.0,0.0,0.0,0.0,0.38701993,0.0,3,0,0.49536029,0.0,1,0,0.8206152,0
0.0,0.0,0.0,0.0,0.0,0.36063078,0.0,3,0,0.49393463,0.0,1,0,0.8206152,0
0.0,0.0,0.0,0.0,0.0,0.35177106,0.0,3,0,0.49249,0.0,0,0,0.93907624,0
0.0,0.0,0.0,0.0,0.0,0.4083131,0.0,3,0,0.4910259,0.0,0,0,0.93907624,0
0.0,0.0,0.0,0.0,0.0,0.42616346,0.0,3,0,0.48954177,0.0,0,0,0.93907624,0
0.0,0.0,0.0,0.0,0.0,0.44751552,0.0,3,0,0.48803708,0.0,0,0,0.93907624,0
0.0,0.0,0.0,0.0,0.0,0.43077612,0.0,3,0,0.48651123,0.0,0,0,0.93907624,0
0.0,0.0,0.0,0.0,0.0,0.40551072,0.0,3,0,0.48496366,0.0,0,0,0.93907624,0
0.0,0.0,0.0,0.0,0.0,0.39032426,0.0,3,0,0.4833937,0.0,0,0,0.93907624,0
0.0,0.0,0.0,0.0,0.0,0.38361388,0.0,3,0,0.48180068,0.0,0,0,0.93907624,0
0.0,0.0,0.0,0.0,0.0,0.31992823,0.0,3,0,0.48176154,0.0,0,0,0.93907624,0
0.0,0.0,0.0,0.0,0.0,0.3068911,0.0,3,0,0.4817224,0.0,0,0,0.93907624,0
0.0,0.0,0.0,0.0,0.0,0.31992823,0.0,3,0,0.48168325,0.0,0,0,0.9154884,0
0.0,0.0,0.0,0.0,0.0,0.3727178,0.0,3,0,0.48164406,0.0,0,0,0.9154884,0
0.0,0.0,0.0,0.0,0.0,0.396651,0.0,3,0,0.48160487,0.0,0,1,0.9154884,0
0.0,0.0,0.0,0.0,0.0,0.4163181,0.0,3,0,0.48156568,0.0,0,1,0.9154884,0
0.0,0.0,0.0,0.0,0.0,0.41886276,0.0,3,0,0.48152646,0.0,0,0,0.9154884,0
0.0,0.0,0.0,0.0,0.0,0.35628954,0.0,3,0,0.48148724,0.0,0,0,0.9154884,0
0.0,0.0,0.0,0.0,0.0,0.2750483,0.0,3,0,0.481448,0.0,0,0,0.9154884,0
0.0,0.0,0.0,0.0,0.0,0.31992823,0.0,3,0,0.48140872,0.0,0,0,0.9154884,0
0.0,0.0,0.0,0.0,0.0,0.41371357,0.0,3,0,0.48638648,0.0,0,0,0.9154884,0
0.0,0.0,0.0,0.0,0.0,0.36883363,0.0,3,0,0.491146,0.0,0,0,0.9154884,0
0.0,0.0,0.0,0.0,0.0,0.38009968,0.0,3,0,0.49570557,0.0,0,0,0.7313773,0
0.0,0.0,0.0,0.0,0.0,0.3136015,0.0,3,0,0.5000814,0.0,0,0,0.7313773,0
0.0,0.0,0.0,0.0,0.0,0.44356197,0.0,3,0,0.50428766,0.0,0,0,0.7313773,0
0.0,0.0,0.0,0.0,0.0,0.3996837,0.0,3,0,0.508337,0.0,0,0,0.7313773,0
0.0,0.0,0.0,0.0,0.0,0.283908,0.0,3,0,0.51224077,0.0,0,0,0.7313773,0
0.0,0.0,0.0,0.0,0.0,0.3136015,0.0,3,0,0.51600903,0.0,0,0,0.7313773,0
0.0,0.0,0.0,0.0,0.0,0.41886276,0.0,3,0,0.5196509,0.0,0,0,0.7313773,0
0.0,0.0,0.0,0.0,0.0,0.2654172,0.0,3,0,0.52317446,0.0,0,0,0.7313773,0
0.0,0.0,0.0,0.0,0.0,0.2750483,0.0,3,0,0.5225059,0.0,0,0,0.7313773,0
0.0,0.0,0.0,0.0,0.0,0.23016833,0.0,3,0,0.5218332,0.0,0,0,0.7313773,0
0.0,0.0,0.0,0.0,0.0,0.34706023,0.0,3,0,0.5211563,0.0,0,0,0.0,0
0.0,0.0,0.0,0.0,0.0,0.2654172,0.0,3,0,0.52047515,0.0,0,0,0.0,0
0.0,0.0,0.0,0.0,0.0,0.34214,0.0,3,0,0.5197897,0.0,0,0,0.0,0
0.0,0.0,0.0,0.0,0.0,0.2997475,0.0,3,0,0.51909983,0.0,0,0,0.0,0
0.0,0.0,0.0,0.0,0.0,0.35628954,0.0,3,0,0.5184056,0.0,0,0,0.0,0
0.0,0.0,0.0,0.0,0.0,0.37647027,0.0,3,0,0.51770693,0.0,0,0,0.0,0
0.0,0.0,0.0,0.0,0.0,0.2997475,0.0,3,0,0.5170037,0.0,0,0,0.0,0
0.0,0.0,0.0,0.0,0.0,0.29211083,0.0,3,0,0.5162959,0.0,0,0,0.0,0
0.0,0.0,0.0,0.0,0.0,0.3068911,0.0,3,0,0.51420796,0.0,0,0,0.0,0
0.0,0.0,0.0,0.0,0.0,0.283908,0.0,3,0,0.512079,0.0,0,0,0.0,0
0.0,0.0,0.0,0.0,0.0,0.0,0.0,3,0,0.5099075,0.0,0,0,0.0,0
0.0,0.0,0.0,0.0,0.0,0.24320544,0.0,3,0,0.5076916,0.0,0,0,0.0,0
0.0,0.0,0.0,0.0,0.0,0.4083131,0.0,3,0,0.5054296,0.0,0,0,0.0,0
0.0,0.0,0.0,0.0,0.0,0.41886276,0.0,3,0,0.50311947,0.0,0,0,0.0,0
0.0,0.0,0.0,0.0,0.0,0.36883363,0.0,3,0,0.5007591,0.0,0,0,0.0,0
0.0,0.0,0.0,0.0,0.0,0.25486755,0.0,3,0,0.4983463,0.0,0,0,0.0,0
0.0,0.0,0.0,0.0,0.0,0.38361388,0.0,3,0,0.49587864,0.0,0,0,0.0,0
0.0,0.0,0.0,0.0,0.0,0.33159032,0.0,3,0,0.49335358,0.0,0,0,0.0,0
0.0,0.0,0.0,0.0,0.0,0.35628954,0.0,3,0,0.4938143,0.0,0,0,0.0,0
0.0,0.0,0.0,0.0,0.0,0.38701993,0.0,3,0,0.49427304,0.0,0,0,0.0,0
0.0,0.0,0.0,0.0,0.0,0.46866295,0.0,3,0,0.49472988,0.0,0,0,0.0,0
0.0,0.0,0.0,0.0,0.0,0.3727178,0.0,3,0,0.49518478,0.0,0,0,0.0,0
0.0,0.0,0.0,0.0,0.0,0.4637427,0.0,3,0,0.4956378,0.0,0,0,0.0,0
0.0,0.0,0.0,0.0,0.0,0.35628954,0.0,3,0,0.49608892,0.0,0,0,0.0,0
0.0,0.0,0.0,0.0,0.0,0.396651,0.0,3,0,0.4965382,0.0,0,0,0.0,0
0.0,0.0,0.0,0.0,0.0,0.43735355,0.0,3,0,0.4969856,0.0,0,0,0.0,0
0.0,0.0,0.0,0.0,0.0,0.31992823,0.0,3,0,0.4974312,0.0,0,0,0.0,0
0.0,0.0,0.0,0.0,0.0,0.3136015,0.0,3,0,0.49787495,0.0,0,0,0.0,0
0.0,0.0,0.0,0.0,0.0,0.34214,0.0,3,0,0.49727544,0.0,0,0,0.0,0
0.0,0.0,0.0,0.0,0.0,0.4213502,0.0,3,0,0.49667263,0.0,0,0,0.0,0
0.0,0.0,0.0,0.0,0.0,0.36883363,0.0,3,0,0.49606642,0.0,0,0,0.9088742,0
0.0,0.0,0.0,0.0,0.0,0.33699077,0.0,3,0,0.4954568,0.0,0,0,0.9088742,0
0.0,0.0,0.0,0.0,0.0,0.3068911,0.0,3,0,0.49484378,0.0,0,0,0.9088742,0
0.0,0.0,0.0,0.0,0.0,0.283908,0.0,3,0,0.49422726,0.0,0,0,0.9088742,0
0.0,0.0,0.0,0.0,0.0,0.2654172,0.0,3,0,0.49360722,0.0,0,0,0.9088742,0
0.0,0.0,0.0,0.0,0.0,0.3136015,0.0,3,0,0.4929836,0.0,0,0,0.9088742,0
0.0,0.0,0.0,0.0,0.0,0.43946195,0.0,3,0,0.4923564,0.0,0,0,0.9088742,0
0.0,0.0,0.0,0.0,0.0,0.34706023,0.0,3,0,0.49172553,0.0,0,0,0.9088742,0
0.0,0.0,0.0,0.0,0.0,0.38009968,0.0,3,0,0.48957193,0.0,0,0,0.9088742,0
0.0,0.0,0.0,0.0,0.0,0.3068911,0.0,3,0,0.48737472,0.0,0,0,0.9088742,0
0.0,0.0,0.0,0.0,0.0,0.30700627,0.0,3,0,0.48513216,0.0,0,0,0.0,0
0.0,0.0,0.0,0.0,0.0,0.3071213,0.0,3,0,0.48284227,0.0,0,0,0.0,0
0.0,0.0,0.0,0.0,0.0,0.30723622,0.0,3,0,0.48050305,0.0,0,0,0.0,0
0.0,0.0,0.0,0.0,0.0,0.30735102,0.0,3,0,0.4781123,0.0,0,0,0.0,0
0.0,0.0,0.0,0.0,0.0,0.3074657,0.0,3,0,0.47566777,0.0,0,0,0.0,0
0.0,0.0,0.0,0.0,0.0,0.30758026,0.0,3,0,0.47316688,0.0,0,0,0.0,0
0.0,0.0,0.0,0.0,0.0,0.30769473,0.0,3,0,0.47060704,0.0,0,0,0.0,0
0.0,0.0,0.0,0.0,0.0,0.30780905,0.0,3,0,0.4679854,0.0,0,0,0.0,0
0.0,0.0,0.0,0.0,0.0,0.30792326,0.0,3,0,0.4656967,0.0,0,0,0.0,0
0.0,0.0,0.0,0.0,0.0,0.30803734,0.0,3,0,0.46335867,0.0,0,0,0.0,0
0.0,0.0,0.0,0.0,0.0,0.30815133,0.0,3,0,0.4609692,0.0,0,0,0.0,0
0.0,0.0,0.0,0.0,0.0,0.30826518,0.0,3,0,0.458526,0.0,0,0,0.0,0
0.0,0.0,0.0,0.0,0.0,0.3083789,0.0,3,0,0.4560265,0.0,0,0,0.0,0
0.0,0.0,0.0,0.0,0.0,0.30849254,0.0,3,0,0.4534681,0.0,0,0,0.0,0
0.0,0.0,0.0,0.0,0.0,0.30860606,0.0,3,0,0.450848,0.0,0,0,0.0,0
0.0,0.0,0.0,0.0,0.0,0.30871943,0.0,3,0,0.4481631,0.0,0,0,0.0,0
0.0,0.0,0.0,0.0,0.0,0.3088327,0.0,3,0,0.44541007,0.0,0,0,0.0,0
0.0,0.0,0.0,0.0,0.0,0.30894586,0.0,3,0,0.44258544,0.0,0,0,0.0,0
0.0,0.0,0.0,0.0,0.0,0.3090589,0.0,3,0,0.447261,0.0,0,0,0.0,0
0.0,0.0,0.0,0.0,0.0,0.30917183,0.0,3,0,0.45174348,0.0,0,0,0.0,0
0.0,0.0,0.0,0.0,0.0,0.30928466,0.0,3,0,0.45604822,0.0,0,0,0.0,0
0.0,0.0,0.0,0.0,0.0,0.30939734,0.0,3,0,0.46018875,0.0,0,0,0.0,0
0.0,0.0,0.0,0.0,0.0,0.30950993,0.0,3,0,0.4641772,0.0,0,0,0.0,0
0.0,0.0,0.0,0.0,0.0,0.3096224,0.0,3,0,0.46802428,0.0,0,0,0.0,0
0.0,0.0,0.0,0.0,0.0,0.30973476,0.0,3,0,0.4717397,0.0,0,0,0.0,0
0.0,0.0,0.0,0.0,0.0,0.309847,0.0,3,0,0.47533217,0.0,0,0,0.0,0
0.0,0.0,0.0,0.0,0.0,0.3099591,0.0,3,0,0.47880957,0.0,0,0,0.0,0
0.0,0.0,0.0,0.0,0.0,0.31007114,0.0,3,0,0.48217905,0.0,0,0,0.0,0
0.0,0.0,0.0,0.0,0.0,0.31018302,0.0,3,0,0.48103014,0.0,0,0,0.0,0
0.0,0.0,0.0,0.0,0.0,0.3102948,0.0,3,0,0.47986892,0.0,0,0,0.0,0
0.0,0.0,0.0,0.0,0.0,0.3104065,0.0,3,0,0.47869515,0.0,0,0,0.0,0
0.0,0.0,0.0,0.0,0.0,0.31051806,0.0,3,0,0.47750854,0.0,0,0,0.0,0
0.0,0.0,0.0,0.0,0.0,0.31062952,0.0,3,0,0.47630885,0.0,0,0,0.0,0
0.0,0.0,0.0,0.0,0.0,0.31074083,0.0,3,0,0.47509572,0.0,0,0,0.0,0
0.0,0.0,0.0,0.0,0.0,0.31085205,0.0,3,0,0.4738689,0.0,0,0,0.0,0
0.0,0.0,0.0,0.0,0.0,0.31096318,0.0,3,0,0.47262806,0.0,0,0,0.0,0
0.0,0.0,0.0,0.0,0.0,0.31107417,0.0,3,0,0.47137287,0.0,0,0,0.0,0
0.0,0.0,0.0,0.0,0.0,0.31118506,0.0,3,0,0.47010303,0.0,0,0,0.0,0
0.0,0.0,0.0,0.0,0.0,0.31129584,0.0,3,0,0.4659842,0.0,0,0,0.0,1
0.0,0.0,0.0,0.0,0.0,0.31140652,0.0,3,0,0.4617029,0.0,0,0,0.0,1
0.0,0.0,0.0,0.0,0.0,0.3115171,0.0,3,0,0.4572459,0.0,0,0,0.0,1
0.0,0.0,0.0,0.0,0.0,0.31162754,0.0,3,0,0.45259804,0.0,0,0,0.0,1
0.0,0.0,0.0,0.0,0.0,0.31173787,0.0,3,0,0.44774225,0.0,0,0,0.0,1
0.0,0.0,0.0,0.0,0.0,0.3118481,0.0,3,0,0.4426591,0.0,0,0,0.0,1
0.0,0.0,0.0,0.0,0.0,0.31195822,0.0,3,0,0.43732625,0.0,0,0,0.0,1
0.0,0.0,0.0,0.0,0.0,0.31206822,0.0,3,0,0.43171784,0.0,0,0,0.0,1
0.0,0.0,0.0,0.0,0.0,0.31217813,0.0,3,0,0.4258039,0.0,0,0,0.0,1
0.0,0.0,0.0,0.0,0.0,0.31228793,0.0,3,0,0.41954914,0.0,0,0,0.0,1
0.0,0.0,0.0,0.0,0.0,0.3123976,0.0,3,0,0.41440287,0.0,0,0,0.0,1
0.0,0.0,0.0,0.0,0.0,0.31250718,0.0,3,0,0.40900046,0.0,0,0,0.0,1
0.0,0.0,0.0,0.0,0.0,0.31261665,0.0,3,0,0.4033151,0.0,0,0,0.0,1
0.0,0.0,0.0,0.0,0.0,0.312726,0.0,3,0,0.3973155,0.0,0,0,0.0,1
0.0,0.0,0.0,0.0,0.0,0.31283525,0.0,3,0,0.39096487,0.0,0,0,0.0,1
0.0,0.0,0.0,0.0,0.0,0.31294438,0.0,3,0,0.3842196,0.0,0,0,0.0,1
0.0,0.0,0.0,0.0,0.0,0.31305343,0.0,3,0,0.3770273,0.0,0,0,0.0,1
0.0,0.0,0.0,0.0,0.0,0.31316236,0.0,3,0,0.36932454,0.0,0,0,0.0,1
0.0,0.0,0.0,0.0,0.0,0.31327116,0.0,3,0,0.36103332,0.0,0,0,0.0,1
0.0,0.0,0.0,0.0,0.0,0.31337988,0.0,3,0,0.35205618,0.0,0,0,0.0,1
0.0,0.0,0.0,0.0,0.0,0.31348848,0.0,3,0,0.34881324,0.0,0,0,0.0,1
0.0,0.0,0.0,0.0,0.0,0.313597,0.0,3,0,0.34547046,0.0,0,0,0.0,1
0.0,0.0,0.0,0.0,0.0,0.31370538,0.0,3,0,0.3420215,0.0,0,0,0.0,1
0.0,0.0,0.0,0.0,0.0,0.31381366,0.0,3,0,0.33845937,0.0,0,0,0.0,1
0.0,0.0,0.0,0.0,0.0,0.31392184,0.0,3,0,0.33477637,0.0,0,0,0.0,1
0.0,0.0,0.0,0.0,0.0,0.31402993,0.0,3,0,0.33096406,0.0,0,0,0.0,1
0.0,0.0,0.0,0.0,0.0,0.31413788,0.0,3,0,0.327013,0.0,0,0,0.0,1
0.0,0.0,0.0,0.0,0.0,0.31424576,0.0,3,0,0.3229127,0.0,0,0,0.0,1
0.0,0.0,0.0,0.0,0.0,0.31435353,0.0,3,0,0.31865144,0.0,0,0,0.0,1
0.0,0.0,0.0,0.0,0.0,0.31446117,0.0,3,0,0.3142161,0.0,0,0,0.0,1
0.0,0.0,0.0,0.0,0.0,0.31456873,0.0,3,0,0.33188722,0.0,0,0,0.0,1
0.0,0.0,0.0,0.0,0.0,0.31467617,0.0,3,0,0.34708074,0.0,0,0,0.0,1
0.0,0.0,0.0,0.0,0.0,0.3147835,0.0,3,0,0.3604068,0.0,0,0,0.0,1
0.0,0.0,0.0,0.0,0.0,0.31489074,0.0,3,0,0.37227455,0.0,0,0,0.0,1
0.0,0.0,0.0,0.0,0.0,0.31499788,0.0,3,0,0.38297197,0.0,0,0,0.0,1
0.0,0.0,0.0,0.0,0.0,0.3151049,0.0,3,0,0.39270929,0.0,0,0,0.0,1
0.0,0.0,0.0,0.0,0.0,0.31521183,0.0,3,0,0.4016447,0.0,0,0,0.0,1
0.0,0.0,0.0,0.0,0.0,0.31531867,0.0,3,0,0.40990037,0.0,0,0,0.0,1
0.0,0.0,0.0,0.0,0.0,0.3154254,0.0,3,0,0.4175724,0.0,0,0,0.0,1
0.0,0.0,0.0,0.0,0.0,0.315532,0.0,3,0,0.4247379,0.0,0,0,0.0,1
0.0,0.0,0.0,0.0,0.0,0.3156385,0.0,3,0,0.4175735,0.0,0,0,0.0,1
0.0,0.0,0.0,0.0,0.0,0.31574494,0.0,3,0,0.40990275,0.0,0,0,0.0,1
0.0,0.0,0.0,0.0,0.0,0.31585124,0.0,3,0,0.40164855,0.0,0,0,0.0,1
0.0,0.0,0.0,0.0,0.0,0.31595746,0.0,3,0,0.39271483,0.0,0,0,0.0,1
0.0,0.0,0.0,0.0,0.0,0.31606355,0.0,3,0,0.38297957,0.0,0,0,0.0,1
0.0,0.0,0.0,0.0,0.0,0.31616956,0.0,3,0,0.37228462,0.0,0,0,0.0,1
0.0,0.0,0.0,0.0,0.0,0.31627548,0.0,3,0,0.36041987,0.0,0,0,0.0,1
0.0,0.0,0.0,0.0,0.0,0.31638128,0.0,3,0,0.34709767,0.0,0,0,0.0,1
0.0,0.0,0.0,0.0,0.0,0.31648698,0.0,3,0,0.3319091,0.0,0,0,0.0,1
0.0,0.0,0.0,0.0,0.0,0.31659257,0.0,3,0,0.31424472,0.0,0,0,0.0,1
0.0,0.0,0.0,0.0,0.0,0.31669807,0.0,3,0,0.32021424,0.0,0,0,0.0,1
0.0,0.0,0.0,0.0,0.0,0.3168035,0.0,3,0,0.32587263,0.0,0,0,0.0,1
0.0,0.0,0.0,0.0,0.0,0.31690878,0.0,3,0,0.33125064,0.0,0,0,0.0,1
0.0,0.0,0.0,0.0,0.0,0.31701398,0.0,3,0,0.3363748,0.0,0,0,0.0,1
0.0,0.0,0.0,0.0,0.0,0.31711906,0.0,3,0,0.34126797,0.0,0,0,0.0,1
0.0,0.0,0.0,0.0,0.0,0.3172241,0.0,3,0,0.3459501,0.0,0,0,0.0,1
0.0,0.0,0.0,0.0,0.0,0.31732896,0.0,3,0,0.35043862,0.0,0,0,0.0,1
0.0,0.0,0.0,0.0,0.0,0.31743377,0.0,3,0,0.35474893,0.0,0,0,0.0,1
0.0,0.0,0.0,0.0,0.0,0.31753847,0.0,3,0,0.35889465,0.0,0,0,0.0,1
0.0,0.0,0.0,0.0,0.0,0.31764308,0.0,3,0,0.36288786,0.0,0,0,0.0,1
0.0,0.0,0.0,0.0,0.0,0.3177476,0.0,3,0,0.35780832,0.0,0,0,0.0,1
0.0,0.0,0.0,0.0,0.0,0.317852,0.0,3,0,0.35247946,0.0,0,0,0.0,1
0.0,0.0,0.0,0.0,0.0,0.3179563,0.0,3,0,0.34687546,0.0,0,0,0.0,1
0.0,0.0,0.0,0.0,0.0,0.31806052,0.0,3,0,0.3409664,0.0,0,0,0.0,1
0.0,0.0,0.0,0.0,0.0,0.31816462,0.0,3,0,0.33471715,0.0,0,0,0.0,1
0.0,0.0,0.0,0.0,0.0,0.31826863,0.0,3,0,0.3280861,0.0,0,0,0.0,1
0.0,0.0,0.0,0.0,0.0,0.31837255,0.0,3,0,0.32102358,0.0,0,0,0.0,1
0.0,0.0,0.0,0.0,0.0,0.31847638,0.0,3,0,0.3134695,0.0,0,0,0.0,1
0.0,0.0,0.0,0.0,0.0,0.3185801,0.0,3,0,0.30535024,0.0,0,0,0.0,1
0.0,0.0,0.0,0.0,0.0,0.3186837,0.0,3,0,0.29657438,0.0,0,0,0.0,1
0.0,0.0,0.0,0.0,0.0,0.31878725,0.0,3,0,0.2938644,0.0,0,0,0.0,1
0.0,0.0,0.0,0.0,0.0,0.31889066,0.0,3,0,0.29108506,0.0,0,0,0.0,1
0.0,0.0,0.0,0.0,0.0,0.31899402,0.0,3,0,0.28823268,0.0,0,0,0.0,1
0.0,0.0,0.0,0.0,0.0,0.31909725,0.0,3,0,0.28530332,0.0,0,0,0.0,1
0.0,0.0,0.0,0.0,0.0,0.31920037,0.0,3,0,0.28229275,0.0,0,0,0.0,1
0.0,0.0,0.0,0.0,0.0,0.31930342,0.0,3,0,0.27919632,0.0,0,0,0.0,1
0.0,0.0,0.0,0.0,0.0,0.31940636,0.0,3,0,0.276009,0.0,0,0,0.0,1
0.0,0.0,0.0,0.0,0.0,0.31950924,0.0,3,0,0.27272522,0.0,0,0,0.0,1
0.0,0.0,0.0,0.0,0.0,0.319612,0.0,3,0,0.26933905,0.0,0,0,0.0,1
0.0,0.0,0.0,0.0,0.0,0.31971464,0.0,3,0,0.26584387,0.0,0,0,0.0,1
0.0,0.0,0.0,0.0,0.0,0.31981722,0.0,3,0,0.26644537,0.0,0,0,0.0,1
0.0,0.0,0.0,0.0,0.0,0.31991968,0.0,3,0,0.26704356,0.0,0,0,0.0,1
0.0,0.0,0.0,0.0,0.0,0.32002208,0.0,3,0,0.26763847,0.0,0,0,0.0,1
0.0,0.0,0.0,0.0,0.0,0.32012436,0.0,3,0,0.26823017,0.0,0,0,0.0,1
0.0,0.0,0.0,0.0,0.0,0.32022655,0.0,3,0,0.26881865,0.0,0,0,0.0,1
0.0,0.0,0.0,0.0,0.0,0.32032862,0.0,3,0,0.26940393,0.0,0,0,0.0,1
0.0,0.0,0.0,0.0,0.0,0.32043064,0.0,3,0,0.2699861,0.0,0,0,0.0,1
0.0,0.0,0.0,0.0,0.0,0.32053253,0.0,3,0,0.27056515,0.0,0,0,0.0,1
0.0,0.0,0.0,0.0,0.0,0.32063437,0.0,3,0,0.2711411,0.0,0,0,0.0,1
0.0,0.0,0.0,0.0,0.0,0.32073608,0.0,3,0,0.27171406,0.0,0,0,0.0,1
0.0,0.0,0.0,0.0,0.0,0.3208377,0.0,3,0,0.27017945,0.0,0,0,0.0,1
0.0,0.0,0.0,0.0,0.0,0.32093924,0.0,3,0,0.26862282,0.0,0,0,0.0,1
0.0,0.0,0.0,0.0,0.0,0.32104066,0.0,3,0,0.26704356,0.0,0,0,0.0,1
0.0,0.0,0.0,0.0,0.0,0.32114202,0.0,3,0,0.265441,0.0,0,0,0.0,1
0.0,0.0,0.0,0.0,0.0,0.3212433,0.0,3,0,0.26381442,0.0,0,0,0.0,1
0.0,0.0,0.0,0.0,0.0,0.32134444,0.0,3,0,0.26216307,0.0,0,0,0.0,1
0.0,0.0,0.0,0.0,0.0,0.3214455,0.0,3,0,0.26048625,0.0,0,0,0.0,1
0.0,0.0,0.0,0.0,0.0,0.32154647,0.0,3,0,0.25878313,0.0,0,0,0.0,1
0.0,0.0,0.0,0.0,0.0,0.32164738,0.0,3,0,0.25705284,0.0,0,0,0.0,1
0.0,0.0,0.0,0.0,0.0,0.32174817,0.0,3,0,0.25529456,0.0,0,0,0.0,1
0.0,0.0,0.0,0.0,0.0,0.32184887,0.0,3,0,0.2562505,0.0,0,0,0.0,1
0.0,0.0,0.0,0.0,0.0,0.32194948,0.0,3,0,0.2571981,0.0,0,0,0.0,1
0.0,0.0,0.0,0.0,0.0,0.32204998,0.0,3,0,0.2581375,0.0,0,0,0.0,1
0.0,0.0,0.0,0.0,0.0,0.3221504,0.0,3,0,0.25906885,0.0,0,0,0.0,1
0.0,0.0,0.0,0.0,0.0,0.32225075,0.0,3,0,0.25999227,0.0,0,0,0.0,1
0.0,0.0,0.0,0.0,0.0,0.322351,0.0,3,0,0.2609079,0.0,0,0,0.0,1
0.0,0.0,0.0,0.0,0.0,0.32245114,0.0,3,0,0.26181588,0.0,0,0,0.0,1
0.0,0.0,0.0,0.0,0.0,0.32255122,0.0,3,0,0.26271632,0.0,0,0,0.0,1
0.0,0.0,0.0,0.0,0.0,0.32265118,0.0,3,0,0.26360935,0.0,0,0,0.0,1
0.0,0.0,0.0,0.0,0.0,0.32275108,0.0,3,0,0.2644951,0.0,0,0,0.0,1
0.0,0.0,0.0,0.0,0.0,0.32285085,0.0,3,0,0.2726623,0.0,0,0,0.0,1
0.0,0.0,0.0,0.0,0.0,0.32295057,0.0,3,0,0.28025788,0.0,0,0,0.0,1
0.0,0.0,0.0,0.0,0.0,0.32305017,0.0,3,0,0.28735664,0.0,0,0,0.0,1
0.0,0.0,0.0,0.0,0.0,0.3231497,0.0,3,0,0.2940196,0.0,0,0,0.0,1
0.0,0.0,0.0,0.0,0.0,0.32324913,0.0,3,0,0.30029723,0.0,0,0,0.0,1
0.0,0.0,0.0,0.0,0.0,0.3233485,0.0,3,0,0.30623162,0.0,0,0,0.0,1
0.0,0.0,0.0,0.0,0.0,0.32344773,0.0,3,0,0.31185842,0.0,0,0,0.0,1
0.0,0.0,0.0,0.0,0.0,0.32354692,0.0,3,0,0.31720787,0.0,0,0,0.0,1
0.0,0.0,0.0,0.0,0.0,0.32364598,0.0,3,0,0.32230613,0.0,0,0,0.0,1
0.0,0.0,0.0,0.0,0.0,0.32374498,0.0,3,0,0.32717565,0.0,0,0,0.0,1
0.0,0.0,0.0,0.0,0.0,0.3238439,0.0,3,0,0.32470974,0.0,0,0,0.0,1
0.0,0.0,0.0,0.0,0.0,0.3239427,0.0,3,0,0.32218653,0.0,0,0,0.0,1
0.0,0.0,0.0,0.0,0.0,0.32404143,0.0,3,0,0.31960326,0.0,0,0,0.0,1
0.0,0.0,0.0,0.0,0.0,0.32414007,0.0,3,0,0.31695706,0.0,0,0,0.0,1
0.0,0.0,0.0,0.0,0.0,0.3242386,0.0,3,0,0.31424472,0.0,0,0,0.0,1
0.0,0.0,0.0,0.0,0.0,0.32433707,0.0,3,0,0.31146288,0.0,0,0,0.0,1
0.0,0.0,0.0,0.0,0.0,0.32443544,0.0,3,0,0.3086079,0.0,0,0,0.0,1
0.0,0.0,0.0,0.0,0.0,0.32453373,0.0,3,0,0.3056758,0.0,0,0,0.0,1
0.0,0.0,0.0,0.0,0.0,0.32463193,0.0,3,0,0.3026623,0.0,0,0,0.0,1
0.0,0.0,0.0,0.0,0.0,0.32473004,0.0,3,0,0.2995628,0.0,0,0,0.0,1
0.0,0.0,0.0,0.0,0.0,0.32482806,0.0,3,0,0.2888851,0.0,0,0,0.0,1
0.0,0.0,0.0,0.0,0.0,0.32492602,0.0,3,0,0.27704155,0.0,0,0,0.0,1
0.0,0.0,0.0,0.0,0.0,0.32502386,0.0,3,0,0.2637461,0.0,0,0,0.0,1
0.0,0.0,0.0,0.0,0.0,0.32512164,0.0,3,0,0.2485923,0.0,0,0,0.0,1
0.0,0.0,0.0,0.0,0.0,0.3252193,0.0,3,0,0.23097496,0.0,0,0,0.0,1
0.0,0.0,0.0,0.0,0.0,0.3253169,0.0,3,0,0.20993455,0.0,0,0,0.0,1
0.0,0.0,0.0,0.0,0.0,0.32541442,0.0,3,0,0.18381216,0.0,0,0,0.0,1
0.0,0.0,0.0,0.0,0.0,0.32551184,0.0,3,0,0.1493438,0.0,0,0,0.0,1
0.0,0.0,0.0,0.0,0.0,0.32560918,0.0,3,0,0.09854929,0.0,0,0,0.0,1
0.0,0.0,0.0,0.0,0.0,0.32570642,0.0,3,0,0.0,0.0,0,0,0.0,1
0.0,0.0,0.0,0.0,0.0,0.32580358,0.0,3,0,0.0,0.0,0,0,0.0,1
0.0,0.0,0.0,0.0,0.0,0.32590067,0.0,3,0,0.0,0.0,0,0,0.0,1
0.0,0.0,0.0,0.0,0.0,0.32599765,0.0,3,0,0.0,0.0,0,0,0.0,1
0.0,0.0,0.0,0.0,0.0,0.32609457,0.0,3,0,0.0,0.0,0,0,0.0,1
0.0,0.0,0.0,0.0,0.0,0.3261914,0.0,3,0,0.0,0.0,0,0,0.0,1
0.0,0.0,0.0,0.0,0.0,0.32628813,0.0,3,0,0.0,0.0,0,0,0.0,1
0.0,0.0,0.0,0.0,0.0,0.32638478,0.0,3,0,0.0,0.0,0,0,0.0,1
0.0,0.0,0.0,0.0,0.0,0.32648137,0.0,3,0,0.0,0.0,0,0,0.0,1
0.0,0.0,0.0,0.0,0.0,0.32657784,0.0,3,0,0.0,0.0,0,0,0.0,1
0.0,0.0,0.0,0.0,0.0,0.32667425,0.0,3,0,0.0,0.0,0,0,0.0,1
0.0,0.0,0.0,0.0,0.0,0.32677057,0.0,3,0,0.0,0.0,0,0,0.0,1
0.0,0.0,0.0,0.0,0.0,0.3268668,0.0,3,0,0.0,0.0,0,0,0.0,1
0.0,0.0,0.0,0.0,0.0,0.32696298,0.0,3,0,0.0,0.0,0,0,0.0,1
0.0,0.0,0.0,0.0,0.0,0.32705903,0.0,3,0,0.0,0.0,0,0,0.0,1
0.0,0.0,0.0,0.0,0.0,0.32715502,0.0,3,0,0.0,0.0,0,0,0.0,1
0.0,0.0,0.0,0.0,0.0,0.32725093,0.0,3,0,0.0,0.0,0,0,0.0,1
0.0,0.0,0.0,0.0,0.0,0.32734674,0.0,3,0,0.0,0.0,0,0,0.0,1
0.0,0.0,0.0,0.0,0.0,0.32744247,0.0,3,0,0.0,0.0,0,0,0.0,1
0.0,0.0,0.0,0.0,0.0,0.32753813,0.0,3,0,0.0,0.0,0,0,0.0,1
0.0,0.0,0.0,0.0,0.0,0.3276337,0.0,3,0,0.0,0.0,0,0,0.0,1
0.0,0.0,0.0,0.0,0.0,0.3277292,0.0,3,0,0.0,0.0,0,0,0.0,1
0.0,0.0,0.0,0.0,0.0,0.3278246,0.0,3,0,0.0,0.0,0,0,0.0,1
0.0,0.0,0.0,0.0,0.0,0.32791993,0.0,3,0,0.0,0.0,0,0,0.0,1
0.0,0.0,0.0,0.0,0.0,0.32801518,0.0,3,0,0.0,0.0,0,0,0.0,1
0.0,0.0,0.0,0.0,0.0,0.32811034,0.0,3,0,0.0,0.0,0,0,0.0,1
0.0,0.0,0.0,0.0,0.0,0.3282054,0.0,3,0,0.0,0.0,0,0,0.0,1
0.0,0.0,0.0,0.0,0.0,0.32830042,0.0,3,0,0.0,0.0,0,0,0.0,1
0.0,0.0,0.0,0.0,0.0,0.3283953,0.0,3,0,0.0,0.0,0,0,0.0,1
0.0,0.0,0.0,0.0,0.0,0.32849014,0.0,3,0,0.0,0.0,0,0,0.0,1
0.0,0.0,0.0,0.0,0.0,0.3285849,0.0,3,0,0.0,0.0,0,0,0.0,1
0.0,0.0,0.0,0.0,0.0,0.3286796,0.0,3,0,0.0,0.0,0,0,0.0,1
0.0,0.0,0.0,0.0,0.0,0.32877415,0.0,3,0,0.0,0.0,0,0,0.0,1
0.0,0.0,0.0,0.0,0.0,0.3288687,0.0,3,0,0.0,0.0,0,0,0.0,1
0.0,0.0,0.0,0.0,0.0,0.3289631,0.0,3,0,0.0,0.0,0,0,0.0,1
0.0,0.0,0.0,0.0,0.0,0.32905746,0.0,3,0,0.0,0.0,0,0,0.0,1
0.0,0.0,0.0,0.0,0.0,0.32915172,0.0,3,0,0.0,0.0,0,0,0.0,1
0.0,0.0,0.0,0.0,0.0,0.32924592,0.0,3,0,0.0,0.0,0,0,0.0,1
0.0,0.0,0.0,0.0,0.0,0.32934,0.0,3,0,0.0,0.0,0,0,0.0,1
0.0,0.0,0.0,0.0,0.0,0.32943407,0.0,3,0,0.0,0.0,0,0,0.0,1
0.0,0.0,0.0,0.0,0.0,0.329528,0.0,3,0,0.0,0.0,0,0,0.0,1
0.0,0.0,0.0,0.0,0.0,0.32962188,0.0,3,0,0.0,0.0,0,0,0.0,1
0.0,0.0,0.0,0.0,0.0,0.32971567,0.0,3,0,0.0,0.0,0,0,0.0,1
0.0,0.0,0.0,0.0,0.0,0.32980937,0.0,3,0,0.0,0.0,0,0,0.0,1
0.0,0.0,0.0,0.0,0.0,0.329903,0.0,3,0,0.0,0.0,0,0,0.0,1
0.0,0.0,0.0,0.0,0.0,0.32999656,0.0,3,0,0.0,0.0,0,0,0.0,1
0.0,0.0,0.0,0.0,0.0,0.33009002,0.0,3,0,0.0,0.0,0,0,0.0,1
0.0,0.0,0.0,0.0,0.0,0.33018342,0.0,3,0,0.0,0.0,0,0,0.0,1
0.0,0.0,0.0,0.0,0.0,0.33027673,0.0,3,0,0.0,0.0,0,0,0.0,1
0.0,0.0,0.0,0.0,0.0,0.33036998,0.0,3,0,0.0,0.0,0,0,0.0,1
0.0,0.0,0.0,0.0,0.0,0.33046314,0.0,3,0,0.0,0.0,0,0,0.0,1
0.0,0.0,0.0,0.0,0.0,0.3305562,0.0,3,0,0.0,0.0,0,0,0.0,1
0.0,0.0,0.0,0.0,0.0,0.33064923,0.0,3,0,0.0,0.0,0,0,0.0,1
0.0,0.0,0.0,0.0,0.0,0.33074215,0.0,3,0,0.0,0.0,0,0,0.0,1
0.0,0.0,0.0,0.0,0.0,0.33083498,0.0,3,0,0.0,0.0,0,0,0.0,1
0.0,0.0,0.0,0.0,0.0,0.33092776,0.0,3,0,0.0,0.0,0,0,0.0,1
0.0,0.0,0.0,0.0,0.0,0.33102044,0.0,3,0,0.0,0.0,0,0,0.0,1
0.0,0.0,0.0,0.0,0.0,0.33111304,0.0,3,0,0.0,0.0,0,0,0.0,1
0.0,0.0,0.0,0.0,0.0,0.33120558,0.0,3,0,0.0,0.0,0,0,0.0,1
0.0,0.0,0.0,0.0,0.0,0.33129805,0.0,3,0,0.0,0.0,0,0,0.0,1
0.0,0.0,0.0,0.0,0.0,0.33139044,0.0,3,0,0.0,0.0,0,0,0.0,1
0.0,0.0,0.0,0.0,0.0,0.33148274,0.0,3,0,0.00077276083,0.0,0,0,0.0,1
0.0,0.0,0.0,0.0,0.0,0.33157495,0.0,3,0,0.0015400605,0.0,0,0,0.0,1
0.0,0.0,0.0,0.0,0.0,0.3316671,0.0,3,0,0.0023019754,0.0,0,0,0.0,1
0.0,0.0,0.0,0.0,0.0,0.33175918,0.0,3,0,0.003058581,0.0,0,0,0.0,1
0.0,0.0,0.0,0.0,0.0,0.33185118,0.0,3,0,0.0038099503,0.0,0,0,0.0,1
0.0,0.0,0.0,0.0,0.0,0.3319431,0.0,3,0,0.0045561558,0.0,0,0,0.0,1
0.0,0.0,0.0,0.0,0.0,0.33203495,0.0,3,0,0.0052972673,0.0,0,0,0.0,1
0.0,0.0,0.0,0.0,0.0,0.3321267,0.0,3,0,0.0060333544,0.0,0,0,0.0,1
0.0,0.0,0.0,0.0,0.0,0.3322184,0.0,3,0,0.0067644846,0.0,0,0,0.0,1
0.0,0.0,0.0,0.0,0.0,0.33231002,0.0,3,0,0.0074907243,0.0,0,0,0.0,1
0.0,0.0,0.0,0.0,0.0,0.33240157,0.0,3,0,0.0074907243,0.0,0,0,0.0,1
0.0,0.0,0.0,0.0,0.0,0.33249304,0.0,3,0,0.0074907243,0.0,0,0,0.0,1
0.0,0.0,0.0,0.0,0.0,0.3325844,0.0,3,0,0.0074907243,0.0,0,0,0.0,1
0.0,0.0,0.0,0.0,0.0,0.33267573,0.0,3,0,0.0074907243,0.0,0,0,0.0,1
0.0,0.0,0.0,0.0,0.0,0.33276698,0.0,3,0,0.0074907243,0.0,0,0,0.0,1
0.0,0.0,0.0,0.0,0.0,0.33285815,0.0,3,0,0.0074907243,0.0,0,0,0.0,1
0.0,0.0,0.0,0.0,0.0,0.33294922,0.0,3,0,0.0074907243,0.0,0,0,0.0,1
0.0,0.0,0.0,0.0,0.0,0.33304024,0.0,3,0,0.0074907243,0.0,0,0,0.0,1
0.0,0.0,0.0,0.0,0.0,0.33313116,0.0,3,0,0.0074907243,0.0,0,0,0.0,1
0.0,0.0,0.0,0.0,0.0,0.33322203,0.0,3,0,0.0074907243,0.0,0,0,0.0,1
0.0,0.0,0.0,0.0,0.0,0.33331284,0.0,3,0,0.0067644846,0.0,0,0,0.0,1
0.0,0.0,0.0,0.0,0.0,0.33340353,0.0,3,0,0.0060333544,0.0,0,0,0.0,1
0.0,0.0,0.0,0.0,0.0,0.3334942,0.0,3,0,0.0052972673,0.0,0,0,0.0,1
0.0,0.0,0.0,0.0,0.0,0.33358476,0.0,3,0,0.0045561558,0.0,0,0,0.0,1
0.0,0.0,0.0,0.0,0.0,0.33367524,0.0,3,0,0.0038099503,0.0,0,0,0.0,1
0.0,0.0,0.0,0.0,0.0,0.33376566,0.0,3,0,0.003058581,0.0,0,0,0.0,1
0.0,0.0,0.0,0.0,0.0,0.33385602,0.0,3,0,0.0023019754,0.0,0,0,0.0,1
0.0,0.0,0.0,0.0,0.0,0.3339463,0.0,3,0,0.0015400605,0.0,0,0,0.0,1
0.0,0.0,0.0,0.0,0.0,0.33403647,0.0,3,0,0.00077276083,0.0,0,0,0.0,1
0.0,0.0,0.0,0.0,0.0,0.3341266,0.0,3,0,0.0,0.0,0,0,0.0,1
0.0,0.0,0.0,0.0,0.0,0.33421665,0.0,3,0,0.0,0.0,0,0,0.0,1
0.0,0.0,0.0,0.0,0.0,0.33430663,0.0,3,0,0.0,0.0,0,0,0.0,1
0.0,0.0,0.0,0.0,0.0,0.33439654,0.0,3,0,0.0,0.0,0,0,0.0,1
0.0,0.0,0.0,0.0,0.0,0.33448637,0.0,3,0,0.0,0.0,0,0,0.0,1
0.0,0.0,0.0,0.0,0.0,0.33457613,0.0,3,0,0.0,0.0,0,0,0.0,1
0.0,0.0,0.0,0.0,0.0,0.3346658,0.0,3,0,0.0,0.0,0,0,0.0,1
0.0,0.0,0.0,0.0,0.0,0.33475542,0.0,3,0,0.0,0.0,0,0,0.0,1
0.0,0.0,0.0,0.0,0.0,0.33484495,0.0,3,0,0.0,0.0,0,0,0.0,1
0.0,0.0,0.0,0.0,0.0,0.33493444,0.0,3,0,0.0,0.0,0,0,0.0,1
0.0,0.0,0.0,0.0,0.0,0.33502382,0.0,3,0,0.0,0.0,0,0,0.0,1
0.0,0.0,0.0,0.0,0.0,0.33511314,0.0,3,0,0.0,0.0,0,0,0.0,1
0.0,0.0,0.0,0.0,0.0,0.3352024,0.0,3,0,0.0,0.0,0,0,0.0,1
0.0,0.0,0.0,0.0,0.0,0.3352916,0.0,3,0,0.0,0.0,0,0,0.0,1
0.0,0.0,0.0,0.0,0.0,0.3353807,0.0,3,0,0.0,0.0,0,0,0.0,1
0.0,0.0,0.0,0.0,0.0,0.33546972,0.0,3,0,0.0,0.0,0,0,0.0,1
0.0,0.0,0.0,0.0,0.0,0.33555868,0.0,3,0,0.0,0.0,0,0,0.0,1
0.0,0.0,0.0,0.0,0.0,0.33564758,0.0,3,0,0.0,0.0,0,0,0.0,1
0.0,0.0,0.0,0.0,0.0,0.33573642,0.0,3,0,0.0,0.0,0,0,0.0,1
0.0,0.0,0.0,0.0,0.0,0.33582518,0.0,3,0,0.0,0.0,0,0,0.0,1
0.0,0.0,0.0,0.0,0.0,0.33591384,0.0,3,0,0.0,0.0,0,0,0.0,1
0.0,0.0,0.0,0.0,0.0,0.33600244,0.0,3,0,0.0,0.0,0,0,0.0,1
0.0,0.0,0.0,0.0,0.0,0.33609098,0.0,3,0,0.0,0.0,0,0,0.0,1
0.0,0.0,0.0,0.0,0.0,0.33617947,0.0,3,0,0.0,0.0,0,0,0.0,1
0.0,0.0,0.0,0.0,0.0,0.33626786,0.0,3,0,0.0,0.0,0,0,0.0,1
0.0,0.0,0.0,0.0,0.0,0.3363562,0.0,3,0,0.0,0.0,0,0,0.0,1
0.0,0.0,0.0,0.0,0.0,0.33644444,0.0,3,0,0.0,0.0,0,0,0.0,1
0.0,0.0,0.0,0.0,0.0,0.33653262,0.0,3,0,0.0,0.0,0,0,0.0,1
0.0,0.0,0.0,0.0,0.0,0.33662075,0.0,3,0,0.0,0.0,0,0,0.0,1
0.0,0.0,0.0,0.0,0.0,0.33670878,0.0,3,0,0.0,0.0,0,0,0.0,1
0.0,0.0,0.0,0.0,0.0,0.33679676,0.0,3,0,0.0,0.0,0,0,0.0,1
0.0,0.0,0.0,0.0,0.0,0.33688465,0.0,3,0,0.003560071,0.0,0,0,0.0,1
0.0,0.0,0.0,0.0,0.0,0.3369725,0.0,3,0,0.007007105,0.0,0,0,0.0,1
0.0,0.0,0.0,0.0,0.0,0.33706027,0.0,3,0,0.010348059,0.0,0,0,0.0,1
0.0,0.0,0.0,0.0,0.0,0.33714795,0.0,3,0,0.013589268,0.0,0,0,0.0,1
0.0,0.0,0.0,0.0,0.0,0.3372356,0.0,3,0,0.016736515,0.0,0,0,0.0,1
0.0,0.0,0.0,0.0,0.0,0.33732316,0.0,3,0,0.019795097,0.0,0,0,0.0,1
0.0,0.0,0.0,0.0,0.0,0.33741063,0.0,3,0,0.02276987,0.0,0,0,0.0,1
0.0,0.0,0.0,0.0,0.0,0.33749804,0.0,3,0,0.025665307,0.0,0,0,0.0,1
0.0,0.0,0.0,0.0,0.0,0.3375854,0.0,3,0,0.02848553,0.0,0,0,0.0,1
0.0,0.0,0.0,0.0,0.0,0.33767268,0.0,3,0,0.031234344,0.0,0,0,0.0,1
0.0,0.0,0.0,0.0,0.0,0.3377599,0.0,3,0,0.043052934,0.0,0,0,0.0,1
0.0,0.0,0.0,0.0,0.0,0.33784705,0.0,3,0,0.05371038,0.0,0,0,0.0,1
0.0,0.0,0.0,0.0,0.0,0.3379341,0.0,3,0,0.063414566,0.0,0,0,0.0,1
0.0,0.0,0.0,0.0,0.0,0.33802113,0.0,3,0,0.072322115,0.0,0,0,0.0,1
0.0,0.0,0.0,0.0,0.0,0.33810806,0.0,3,0,0.08055395,0.0,0,0,0.0,1
0.0,0.0,0.0,0.0,0.0,0.33819494,0.0,3,0,0.088205405,0.0,0,0,0.0,1
0.0,0.0,0.0,0.0,0.0,0.33828175,0.0,3,0,0.09535295,0.0,0,0,0.0,1
0.0,0.0,0.0,0.0,0.0,0.33836848,0.0,3,0,0.10205888,0.0,0,0,0.0,1
0.0,0.0,0.0,0.0,0.0,0.33845514,0.0,3,0,0.10837461,0.0,0,0,0.0,1
0.0,0.0,0.0,0.0,0.0,0.33854175,0.0,3,0,0.114343055,0.0,0,0,0.0,1
0.0,0.0,0.0,0.0,0.0,0.33862826,0.0,3,0,0.13071826,0.0,0,0,0.0,1
0.0,0.0,0.0,0.0,0.0,0.33871472,0.0,3,0,0.14494433,0.0,0,0,0.0,1
0.0,0.0,0.0,0.0,0.0,0.33880112,0.0,3,0,0.15752047,0.0,0,0,0.0,1
0.0,0.0,0.0,0.0,0.0,0.33888745,0.0,3,0,0.16878994,0.0,0,0,0.0,1
0.0,0.0,0.0,0.0,0.0,0.33897373,0.0,3,0,0.17899889,0.0,0,0,0.0,1
0.0,0.0,0.0,0.0,0.0,0.33905992,0.0,3,0,0.18832988,0.0,0,0,0.0,1
0.0,0.0,0.0,0.0,0.0,0.33914605,0.0,3,0,0.196922,0.0,0,0,0.0,1
0.0,0.0,0.0,0.0,0.0,0.3392321,0.0,3,0,0.20488375,0.0,0,0,0.0,1
0.0,0.0,0.0,0.0,0.0,0.3393181,0.0,3,0,0.21230134,0.0,0,0,0.0,1
0.0,0.0,0.0,0.0,0.0,0.33940402,0.0,3,0,0.21924442,0.0,0,0,0.0,1
0.0,0.0,0.0,0.0,0.0,0.33948988,0.0,3,0,0.2250438,0.0,0,0,0.0,1
0.0,0.0,0.0,0.0,0.0,0.33957568,0.0,3,0,0.23054907,0.0,0,0,0.0,1
0.0,0.0,0.0,0.0,0.0,0.3396614,0.0,3,0,0.2357886,0.0,0,0,0.0,1
0.0,0.0,0.0,0.0,0.0,0.33974707,0.0,3,0,0.24078688,0.0,0,0,0.0,1
0.0,0.0,0.0,0.0,0.0,0.33983266,0.0,3,0,0.24556515,0.0,0,0,0.0,1
0.0,0.0,0.0,0.0,0.0,0.33991817,0.0,3,0,0.25014195,0.0,0,0,0.0,1
0.0,0.0,0.0,0.0,0.0,0.34000364,0.0,3,0,0.25453362,0.0,0,0,0.0,1
0.0,0.0,0.0,0.0,0.0,0.34008902,0.0,3,0,0.25875452,0.0,0,0,0.0,1
0.0,0.0,0.0,0.0,0.0,0.34017438,0.0,3,0,0.26281744,0.0,0,0,0.0,1
0.0,0.0,0.0,0.0,0.0,0.34025964,0.0,3,0,0.2667338,0.0,0,0,0.0,1
0.0,0.0,0.0,0.0,0.0,0.34034485,0.0,3,0,0.2701537,0.0,0,0,0.0,1
0.0,0.0,0.0,0.0,0.0,0.34042996,0.0,3,0,0.27346915,0.0,0,0,0.0,1
0.0,0.0,0.0,0.0,0.0,0.34051505,0.0,3,0,0.27668634,0.0,0,0,0.0,1
0.0,0.0,0.0,0.0,0.0,0.34060004,0.0,3,0,0.27981094,0.0,0,0,0.0,1
0.0,0.0,0.0,0.0,0.0,0.34068498,0.0,3,0,0.28284812,0.0,0,0,0.0,1
0.0,0.0,0.0,0.0,0.0,0.34076986,0.0,3,0,0.28580266,0.0,0,0,0.0,1
0.0,0.0,0.0,0.0,0.0,0.34085464,0.0,3,0,0.2886789,0.0,0,0,0.0,1
0.0,0.0,0.0,0.0,0.0,0.3409394,0.0,3,0,0.29148093,0.0,0,0,0.0,1
0.0,0.0,0.0,0.0,0.0,0.34102407,0.0,3,0,0.29421246,0.0,0,0,0.0,1
0.0,0.0,0.0,0.0,0.0,0.34110868,0.0,3,0,0.29687697,0.0,0,0,0.0,1
0.0,0.0,0.0,0.0,0.0,0.34119323,0.0,3,0,0.3039281,0.0,0,0,0.0,1
0.0,0.0,0.0,0.0,0.0,0.34127772,0.0,3,0,0.31054914,0.0,0,0,0.0,1
0.0,0.0,0.0,0.0,0.0,0.34136215,0.0,3,0,0.31678948,0.0,0,0,0.0,1
0.0,0.0,0.0,0.0,0.0,0.3414465,0.0,3,0,0.32269058,0.0,0,0,0.0,1
0.0,0.0,0.0,0.0,0.0,0.34153077,0.0,3,0,0.32828742,0.0,0,0,0.0,1
0.0,0.0,0.0,0.0,0.0,0.34161502,0.0,3,0,0.33360982,0.0,0,0,0.0,1
0.0,0.0,0.0,0.0,0.0,0.34169918,0.0,3,0,0.33868346,0.0,0,0,0.0,1
0.0,0.0,0.0,0.0,0.0,0.34178326,0.0,3,0,0.34353054,0.0,0,0,0.0,1
0.0,0.0,0.0,0.0,0.0,0.3418673,0.0,3,0,0.34817046,0.0,0,0,0.0,1
0.0,0.0,0.0,0.0,0.0,0.34195128,0.0,3,0,0.35262018,0.0,0,0,0.0,1
0.0,0.0,0.0,0.0,0.0,0.34203517,0.0,3,0,0.358185,0.0,0,0,0.0,1
0.0,0.0,0.0,0.0,0.0,0.34211904,0.0,3,0,0.36347845,0.0,0,0,0.0,1
